STN,,,,,,,,,,,,,,,,,,,,,,1,1,2,2,3,3,123,,,,1,1,3,3,2,2,132,,,132,,2,2,1,1,3,3,213,,,213,,,,,,,,,,,,,,,,,,2,2,3,3,1,1,231,,,231,,,,,,,,,,,,,,,,,3,3,1,1,2,2,312,,,312,,,,,,,,,,,,,,,,,,3,3,2,2,1,1,321,,,321
./testimage/test_rice1.png ./testimage/single/test_rice1.png ./testimage/test_chicken1.png ./testimage/single/test_chicken1.png ./testimage/test_croquette1.png ./testimage/single/test_croquette1.png ./testimage/single/compose1.png,,,,,,,,,,,,,,,,,,,,,,,,,,,,,,,,,,,,,,,,,,,,,,,,,,,,,,,,,,,,,,,,,,,,,,,,,,,,,,,,,,,,,,,,,,,,,,,,,,,,,,,,,,,,,,,,,,,,,,,,,,,,,,,,,,,,
./testimage/test_rice2.png ./testimage/single/test_rice2.png ./testimage/test_chicken1.png ./testimage/single/test_chicken1.png ./testimage/test_croquette1.png ./testimage/single/test_croquette1.png ./testimage/single/compose2.png,,,,,,,,,,,,,,,,,,,,,,,,,,,,,,,,,,,,,,,,,,,,,,,,,,,,,,,,,,,,,,,,,,,,,,,,,,,,,,,,,,,,,,,,,,,,,,,,,,,,,,,,,,,,,,,,,,,,,,,,,,,,,,,,,,,,
./testimage/test_rice3.png ./testimage/single/test_rice3.png ./testimage/test_chicken1.png ./testimage/single/test_chicken1.png ./testimage/test_croquette1.png ./testimage/single/test_croquette1.png ./testimage/single/compose3.png,,,,,,,,,,,,,,,,,,,,,,,,,,,,,,,,,,,,,,,,,,,,,,,,,,,,,,,,,,,,,,,,,,,,,,,,,,,,,,,,,,,,,,,,,,,,,,,,,,,,,,,,,,,,,,,,,,,,,,,,,,,,,,,,,,,,
./testimage/test_rice4.png ./testimage/single/test_rice4.png ./testimage/test_chicken1.png ./testimage/single/test_chicken1.png ./testimage/test_croquette1.png ./testimage/single/test_croquette1.png ./testimage/single/compose4.png,,,,,,,,,,,,,,,,,,,,,,,,,,,,,,,,,,,,,,,,,,,,,,,,,,,,,,,,,,,,,,,,,,,,,,,,,,,,,,,,,,,,,,,,,,,,,,,,,,,,,,,,,,,,,,,,,,,,,,,,,,,,,,,,,,,,
./testimage/test_rice5.png ./testimage/single/test_rice5.png ./testimage/test_chicken1.png ./testimage/single/test_chicken1.png ./testimage/test_croquette1.png ./testimage/single/test_croquette1.png ./testimage/single/compose5.png,,,,,,,,,,,,,,,,,,,,,,,,,,,,,,,,,,,,,,,,,,,,,,,,,,,,,,,,,,,,,,,,,,,,,,,,,,,,,,,,,,,,,,,,,,,,,,,,,,,,,,,,,,,,,,,,,,,,,,,,,,,,,,,,,,,,
./testimage/test_rice1.png ./testimage/single/test_rice1.png ./testimage/test_chicken2.png ./testimage/single/test_chicken2.png ./testimage/test_croquette1.png ./testimage/single/test_croquette1.png ./testimage/single/compose6.png,,,,,,,,,,,,,,,,,,,,,,,,,,,,,,,,,,,,,,,,,,,,,,,,,,,,,,,,,,,,,,,,,,,,,,,,,,,,,,,,,,,,,,,,,,,,,,,,,,,,,,,,,,,,,,,,,,,,,,,,,,,,,,,,,,,,
./testimage/test_rice2.png ./testimage/single/test_rice2.png ./testimage/test_chicken2.png ./testimage/single/test_chicken2.png ./testimage/test_croquette1.png ./testimage/single/test_croquette1.png ./testimage/single/compose7.png,,,,,,,,,,,,,,,,,,,,,,,,,,,,,,,,,,,,,,,,,,,,,,,,,,,,,,,,,,,,,,,,,,,,,,,,,,,,,,,,,,,,,,,,,,,,,,,,,,,,,,,,,,,,,,,,,,,,,,,,,,,,,,,,,,,,
./testimage/test_rice3.png ./testimage/single/test_rice3.png ./testimage/test_chicken2.png ./testimage/single/test_chicken2.png ./testimage/test_croquette1.png ./testimage/single/test_croquette1.png ./testimage/single/compose8.png,,,,,,,,,,,,,,,,,,,,,,,,,,,,,,,,,,,,,,,,,,,,,,,,,,,,,,,,,,,,,,,,,,,,,,,,,,,,,,,,,,,,,,,,,,,,,,,,,,,,,,,,,,,,,,,,,,,,,,,,,,,,,,,,,,,,
./testimage/test_rice4.png ./testimage/single/test_rice4.png ./testimage/test_chicken2.png ./testimage/single/test_chicken2.png ./testimage/test_croquette1.png ./testimage/single/test_croquette1.png ./testimage/single/compose9.png,,,,,,,,,,,,,,,,,,,,,,,,,,,,,,,,,,,,,,,,,,,,,,,,,,,,,,,,,,,,,,,,,,,,,,,,,,,,,,,,,,,,,,,,,,,,,,,,,,,,,,,,,,,,,,,,,,,,,,,,,,,,,,,,,,,,
./testimage/test_rice5.png ./testimage/single/test_rice5.png ./testimage/test_chicken2.png ./testimage/single/test_chicken2.png ./testimage/test_croquette1.png ./testimage/single/test_croquette1.png ./testimage/single/compose10.png,,,,,,,,,,,,,,,,,,,,,,,,,,,,,,,,,,,,,,,,,,,,,,,,,,,,,,,,,,,,,,,,,,,,,,,,,,,,,,,,,,,,,,,,,,,,,,,,,,,,,,,,,,,,,,,,,,,,,,,,,,,,,,,,,,,,
./testimage/test_rice1.png ./testimage/single/test_rice1.png ./testimage/test_chicken3.png ./testimage/single/test_chicken3.png ./testimage/test_croquette1.png ./testimage/single/test_croquette1.png ./testimage/single/compose11.png,,,,,,,,,,,,,,,,,,,,,,,,,,,,,,,,,,,,,,,,,,,,,,,,,,,,,,,,,,,,,,,,,,,,,,,,,,,,,,,,,,,,,,,,,,,,,,,,,,,,,,,,,,,,,,,,,,,,,,,,,,,,,,,,,,,,
./testimage/test_rice2.png ./testimage/single/test_rice2.png ./testimage/test_chicken3.png ./testimage/single/test_chicken3.png ./testimage/test_croquette1.png ./testimage/single/test_croquette1.png ./testimage/single/compose12.png,,,,,,,,,,,,,,,,,,,,,,,,,,,,,,,,,,,,,,,,,,,,,,,,,,,,,,,,,,,,,,,,,,,,,,,,,,,,,,,,,,,,,,,,,,,,,,,,,,,,,,,,,,,,,,,,,,,,,,,,,,,,,,,,,,,,
./testimage/test_rice3.png ./testimage/single/test_rice3.png ./testimage/test_chicken3.png ./testimage/single/test_chicken3.png ./testimage/test_croquette1.png ./testimage/single/test_croquette1.png ./testimage/single/compose13.png,,,,,,,,,,,,,,,,,,,,,,,,,,,,,,,,,,,,,,,,,,,,,,,,,,,,,,,,,,,,,,,,,,,,,,,,,,,,,,,,,,,,,,,,,,,,,,,,,,,,,,,,,,,,,,,,,,,,,,,,,,,,,,,,,,,,
./testimage/test_rice4.png ./testimage/single/test_rice4.png ./testimage/test_chicken3.png ./testimage/single/test_chicken3.png ./testimage/test_croquette1.png ./testimage/single/test_croquette1.png ./testimage/single/compose14.png,,,,,,,,,,,,,,,,,,,,,,,,,,,,,,,,,,,,,,,,,,,,,,,,,,,,,,,,,,,,,,,,,,,,,,,,,,,,,,,,,,,,,,,,,,,,,,,,,,,,,,,,,,,,,,,,,,,,,,,,,,,,,,,,,,,,
./testimage/test_rice5.png ./testimage/single/test_rice5.png ./testimage/test_chicken3.png ./testimage/single/test_chicken3.png ./testimage/test_croquette1.png ./testimage/single/test_croquette1.png ./testimage/single/compose15.png,,,,,,,,,,,,,,,,,,,,,,,,,,,,,,,,,,,,,,,,,,,,,,,,,,,,,,,,,,,,,,,,,,,,,,,,,,,,,,,,,,,,,,,,,,,,,,,,,,,,,,,,,,,,,,,,,,,,,,,,,,,,,,,,,,,,
./testimage/test_rice1.png ./testimage/single/test_rice1.png ./testimage/test_chicken4.png ./testimage/single/test_chicken4.png ./testimage/test_croquette1.png ./testimage/single/test_croquette1.png ./testimage/single/compose16.png,,,,,,,,,,,,,,,,,,,,,,,,,,,,,,,,,,,,,,,,,,,,,,,,,,,,,,,,,,,,,,,,,,,,,,,,,,,,,,,,,,,,,,,,,,,,,,,,,,,,,,,,,,,,,,,,,,,,,,,,,,,,,,,,,,,,
./testimage/test_rice2.png ./testimage/single/test_rice2.png ./testimage/test_chicken4.png ./testimage/single/test_chicken4.png ./testimage/test_croquette1.png ./testimage/single/test_croquette1.png ./testimage/single/compose17.png,,,,,,,,,,,,,,,,,,,,,,,,,,,,,,,,,,,,,,,,,,,,,,,,,,,,,,,,,,,,,,,,,,,,,,,,,,,,,,,,,,,,,,,,,,,,,,,,,,,,,,,,,,,,,,,,,,,,,,,,,,,,,,,,,,,,
./testimage/test_rice3.png ./testimage/single/test_rice3.png ./testimage/test_chicken4.png ./testimage/single/test_chicken4.png ./testimage/test_croquette1.png ./testimage/single/test_croquette1.png ./testimage/single/compose18.png,,,,,,,,,,,,,,,,,,,,,,,,,,,,,,,,,,,,,,,,,,,,,,,,,,,,,,,,,,,,,,,,,,,,,,,,,,,,,,,,,,,,,,,,,,,,,,,,,,,,,,,,,,,,,,,,,,,,,,,,,,,,,,,,,,,,
./testimage/test_rice4.png ./testimage/single/test_rice4.png ./testimage/test_chicken4.png ./testimage/single/test_chicken4.png ./testimage/test_croquette1.png ./testimage/single/test_croquette1.png ./testimage/single/compose19.png,,,,,,,,,,,,,,,,,,,,,,,,,,,,,,,,,,,,,,,,,,,,,,,,,,,,,,,,,,,,,,,,,,,,,,,,,,,,,,,,,,,,,,,,,,,,,,,,,,,,,,,,,,,,,,,,,,,,,,,,,,,,,,,,,,,,
./testimage/test_rice5.png ./testimage/single/test_rice5.png ./testimage/test_chicken4.png ./testimage/single/test_chicken4.png ./testimage/test_croquette1.png ./testimage/single/test_croquette1.png ./testimage/single/compose20.png,,,,,,,,,,,,,,,,,,,,,,,,,,,,,,,,,,,,,,,,,,,,,,,,,,,,,,,,,,,,,,,,,,,,,,,,,,,,,,,,,,,,,,,,,,,,,,,,,,,,,,,,,,,,,,,,,,,,,,,,,,,,,,,,,,,,
./testimage/test_rice1.png ./testimage/single/test_rice1.png ./testimage/test_chicken5.png ./testimage/single/test_chicken5.png ./testimage/test_croquette1.png ./testimage/single/test_croquette1.png ./testimage/single/compose21.png,,,,,,,,,,,,,,,,,,,,,,,,,,,,,,,,,,,,,,,,,,,,,,,,,,,,,,,,,,,,,,,,,,,,,,,,,,,,,,,,,,,,,,,,,,,,,,,,,,,,,,,,,,,,,,,,,,,,,,,,,,,,,,,,,,,,
./testimage/test_rice2.png ./testimage/single/test_rice2.png ./testimage/test_chicken5.png ./testimage/single/test_chicken5.png ./testimage/test_croquette1.png ./testimage/single/test_croquette1.png ./testimage/single/compose22.png,,,,,,,,,,,,,,,,,,,,,,,,,,,,,,,,,,,,,,,,,,,,,,,,,,,,,,,,,,,,,,,,,,,,,,,,,,,,,,,,,,,,,,,,,,,,,,,,,,,,,,,,,,,,,,,,,,,,,,,,,,,,,,,,,,,,
./testimage/test_rice3.png ./testimage/single/test_rice3.png ./testimage/test_chicken5.png ./testimage/single/test_chicken5.png ./testimage/test_croquette1.png ./testimage/single/test_croquette1.png ./testimage/single/compose23.png,,,,,,,,,,,,,,,,,,,,,,,,,,,,,,,,,,,,,,,,,,,,,,,,,,,,,,,,,,,,,,,,,,,,,,,,,,,,,,,,,,,,,,,,,,,,,,,,,,,,,,,,,,,,,,,,,,,,,,,,,,,,,,,,,,,,
./testimage/test_rice4.png ./testimage/single/test_rice4.png ./testimage/test_chicken5.png ./testimage/single/test_chicken5.png ./testimage/test_croquette1.png ./testimage/single/test_croquette1.png ./testimage/single/compose24.png,,,,,,,,,,,,,,,,,,,,,,,,,,,,,,,,,,,,,,,,,,,,,,,,,,,,,,,,,,,,,,,,,,,,,,,,,,,,,,,,,,,,,,,,,,,,,,,,,,,,,,,,,,,,,,,,,,,,,,,,,,,,,,,,,,,,
./testimage/test_rice5.png ./testimage/single/test_rice5.png ./testimage/test_chicken5.png ./testimage/single/test_chicken5.png ./testimage/test_croquette1.png ./testimage/single/test_croquette1.png ./testimage/single/compose25.png,,,,,,,,,,,,,,,,,,,,,,,,,,,,,,,,,,,,,,,,,,,,,,,,,,,,,,,,,,,,,,,,,,,,,,,,,,,,,,,,,,,,,,,,,,,,,,,,,,,,,,,,,,,,,,,,,,,,,,,,,,,,,,,,,,,,
./testimage/test_rice1.png ./testimage/single/test_rice1.png ./testimage/test_chicken1.png ./testimage/single/test_chicken1.png ./testimage/test_croquette2.png ./testimage/single/test_croquette2.png ./testimage/single/compose26.png,,,,,,,,,,,,,,,,,,,,,,,,,,,,,,,,,,,,,,,,,,,,,,,,,,,,,,,,,,,,,,,,,,,,,,,,,,,,,,,,,,,,,,,,,,,,,,,,,,,,,,,,,,,,,,,,,,,,,,,,,,,,,,,,,,,,
./testimage/test_rice2.png ./testimage/single/test_rice2.png ./testimage/test_chicken1.png ./testimage/single/test_chicken1.png ./testimage/test_croquette2.png ./testimage/single/test_croquette2.png ./testimage/single/compose27.png,,,,,,,,,,,,,,,,,,,,,,,,,,,,,,,,,,,,,,,,,,,,,,,,,,,,,,,,,,,,,,,,,,,,,,,,,,,,,,,,,,,,,,,,,,,,,,,,,,,,,,,,,,,,,,,,,,,,,,,,,,,,,,,,,,,,
./testimage/test_rice3.png ./testimage/single/test_rice3.png ./testimage/test_chicken1.png ./testimage/single/test_chicken1.png ./testimage/test_croquette2.png ./testimage/single/test_croquette2.png ./testimage/single/compose28.png,,,,,,,,,,,,,,,,,,,,,,,,,,,,,,,,,,,,,,,,,,,,,,,,,,,,,,,,,,,,,,,,,,,,,,,,,,,,,,,,,,,,,,,,,,,,,,,,,,,,,,,,,,,,,,,,,,,,,,,,,,,,,,,,,,,,
./testimage/test_rice4.png ./testimage/single/test_rice4.png ./testimage/test_chicken1.png ./testimage/single/test_chicken1.png ./testimage/test_croquette2.png ./testimage/single/test_croquette2.png ./testimage/single/compose29.png,,,,,,,,,,,,,,,,,,,,,,,,,,,,,,,,,,,,,,,,,,,,,,,,,,,,,,,,,,,,,,,,,,,,,,,,,,,,,,,,,,,,,,,,,,,,,,,,,,,,,,,,,,,,,,,,,,,,,,,,,,,,,,,,,,,,
./testimage/test_rice5.png ./testimage/single/test_rice5.png ./testimage/test_chicken1.png ./testimage/single/test_chicken1.png ./testimage/test_croquette2.png ./testimage/single/test_croquette2.png ./testimage/single/compose30.png,,,,,,,,,,,,,,,,,,,,,,,,,,,,,,,,,,,,,,,,,,,,,,,,,,,,,,,,,,,,,,,,,,,,,,,,,,,,,,,,,,,,,,,,,,,,,,,,,,,,,,,,,,,,,,,,,,,,,,,,,,,,,,,,,,,,
./testimage/test_rice1.png ./testimage/single/test_rice1.png ./testimage/test_chicken2.png ./testimage/single/test_chicken2.png ./testimage/test_croquette2.png ./testimage/single/test_croquette2.png ./testimage/single/compose31.png,,,,,,,,,,,,,,,,,,,,,,,,,,,,,,,,,,,,,,,,,,,,,,,,,,,,,,,,,,,,,,,,,,,,,,,,,,,,,,,,,,,,,,,,,,,,,,,,,,,,,,,,,,,,,,,,,,,,,,,,,,,,,,,,,,,,
./testimage/test_rice2.png ./testimage/single/test_rice2.png ./testimage/test_chicken2.png ./testimage/single/test_chicken2.png ./testimage/test_croquette2.png ./testimage/single/test_croquette2.png ./testimage/single/compose32.png,,,,,,,,,,,,,,,,,,,,,,,,,,,,,,,,,,,,,,,,,,,,,,,,,,,,,,,,,,,,,,,,,,,,,,,,,,,,,,,,,,,,,,,,,,,,,,,,,,,,,,,,,,,,,,,,,,,,,,,,,,,,,,,,,,,,
./testimage/test_rice3.png ./testimage/single/test_rice3.png ./testimage/test_chicken2.png ./testimage/single/test_chicken2.png ./testimage/test_croquette2.png ./testimage/single/test_croquette2.png ./testimage/single/compose33.png,,,,,,,,,,,,,,,,,,,,,,,,,,,,,,,,,,,,,,,,,,,,,,,,,,,,,,,,,,,,,,,,,,,,,,,,,,,,,,,,,,,,,,,,,,,,,,,,,,,,,,,,,,,,,,,,,,,,,,,,,,,,,,,,,,,,
./testimage/test_rice4.png ./testimage/single/test_rice4.png ./testimage/test_chicken2.png ./testimage/single/test_chicken2.png ./testimage/test_croquette2.png ./testimage/single/test_croquette2.png ./testimage/single/compose34.png,,,,,,,,,,,,,,,,,,,,,,,,,,,,,,,,,,,,,,,,,,,,,,,,,,,,,,,,,,,,,,,,,,,,,,,,,,,,,,,,,,,,,,,,,,,,,,,,,,,,,,,,,,,,,,,,,,,,,,,,,,,,,,,,,,,,
./testimage/test_rice5.png ./testimage/single/test_rice5.png ./testimage/test_chicken2.png ./testimage/single/test_chicken2.png ./testimage/test_croquette2.png ./testimage/single/test_croquette2.png ./testimage/single/compose35.png,,,,,,,,,,,,,,,,,,,,,,,,,,,,,,,,,,,,,,,,,,,,,,,,,,,,,,,,,,,,,,,,,,,,,,,,,,,,,,,,,,,,,,,,,,,,,,,,,,,,,,,,,,,,,,,,,,,,,,,,,,,,,,,,,,,,
./testimage/test_rice1.png ./testimage/single/test_rice1.png ./testimage/test_chicken3.png ./testimage/single/test_chicken3.png ./testimage/test_croquette2.png ./testimage/single/test_croquette2.png ./testimage/single/compose36.png,,,,,,,,,,,,,,,,,,,,,,,,,,,,,,,,,,,,,,,,,,,,,,,,,,,,,,,,,,,,,,,,,,,,,,,,,,,,,,,,,,,,,,,,,,,,,,,,,,,,,,,,,,,,,,,,,,,,,,,,,,,,,,,,,,,,
./testimage/test_rice2.png ./testimage/single/test_rice2.png ./testimage/test_chicken3.png ./testimage/single/test_chicken3.png ./testimage/test_croquette2.png ./testimage/single/test_croquette2.png ./testimage/single/compose37.png,,,,,,,,,,,,,,,,,,,,,,,,,,,,,,,,,,,,,,,,,,,,,,,,,,,,,,,,,,,,,,,,,,,,,,,,,,,,,,,,,,,,,,,,,,,,,,,,,,,,,,,,,,,,,,,,,,,,,,,,,,,,,,,,,,,,
./testimage/test_rice3.png ./testimage/single/test_rice3.png ./testimage/test_chicken3.png ./testimage/single/test_chicken3.png ./testimage/test_croquette2.png ./testimage/single/test_croquette2.png ./testimage/single/compose38.png,,,,,,,,,,,,,,,,,,,,,,,,,,,,,,,,,,,,,,,,,,,,,,,,,,,,,,,,,,,,,,,,,,,,,,,,,,,,,,,,,,,,,,,,,,,,,,,,,,,,,,,,,,,,,,,,,,,,,,,,,,,,,,,,,,,,
./testimage/test_rice4.png ./testimage/single/test_rice4.png ./testimage/test_chicken3.png ./testimage/single/test_chicken3.png ./testimage/test_croquette2.png ./testimage/single/test_croquette2.png ./testimage/single/compose39.png,,,,,,,,,,,,,,,,,,,,,,,,,,,,,,,,,,,,,,,,,,,,,,,,,,,,,,,,,,,,,,,,,,,,,,,,,,,,,,,,,,,,,,,,,,,,,,,,,,,,,,,,,,,,,,,,,,,,,,,,,,,,,,,,,,,,
./testimage/test_rice5.png ./testimage/single/test_rice5.png ./testimage/test_chicken3.png ./testimage/single/test_chicken3.png ./testimage/test_croquette2.png ./testimage/single/test_croquette2.png ./testimage/single/compose40.png,,,,,,,,,,,,,,,,,,,,,,,,,,,,,,,,,,,,,,,,,,,,,,,,,,,,,,,,,,,,,,,,,,,,,,,,,,,,,,,,,,,,,,,,,,,,,,,,,,,,,,,,,,,,,,,,,,,,,,,,,,,,,,,,,,,,
./testimage/test_rice1.png ./testimage/single/test_rice1.png ./testimage/test_chicken4.png ./testimage/single/test_chicken4.png ./testimage/test_croquette2.png ./testimage/single/test_croquette2.png ./testimage/single/compose41.png,,,,,,,,,,,,,,,,,,,,,,,,,,,,,,,,,,,,,,,,,,,,,,,,,,,,,,,,,,,,,,,,,,,,,,,,,,,,,,,,,,,,,,,,,,,,,,,,,,,,,,,,,,,,,,,,,,,,,,,,,,,,,,,,,,,,
./testimage/test_rice2.png ./testimage/single/test_rice2.png ./testimage/test_chicken4.png ./testimage/single/test_chicken4.png ./testimage/test_croquette2.png ./testimage/single/test_croquette2.png ./testimage/single/compose42.png,,,,,,,,,,,,,,,,,,,,,,,,,,,,,,,,,,,,,,,,,,,,,,,,,,,,,,,,,,,,,,,,,,,,,,,,,,,,,,,,,,,,,,,,,,,,,,,,,,,,,,,,,,,,,,,,,,,,,,,,,,,,,,,,,,,,
./testimage/test_rice3.png ./testimage/single/test_rice3.png ./testimage/test_chicken4.png ./testimage/single/test_chicken4.png ./testimage/test_croquette2.png ./testimage/single/test_croquette2.png ./testimage/single/compose43.png,,,,,,,,,,,,,,,,,,,,,,,,,,,,,,,,,,,,,,,,,,,,,,,,,,,,,,,,,,,,,,,,,,,,,,,,,,,,,,,,,,,,,,,,,,,,,,,,,,,,,,,,,,,,,,,,,,,,,,,,,,,,,,,,,,,,
./testimage/test_rice4.png ./testimage/single/test_rice4.png ./testimage/test_chicken4.png ./testimage/single/test_chicken4.png ./testimage/test_croquette2.png ./testimage/single/test_croquette2.png ./testimage/single/compose44.png,,,,,,,,,,,,,,,,,,,,,,,,,,,,,,,,,,,,,,,,,,,,,,,,,,,,,,,,,,,,,,,,,,,,,,,,,,,,,,,,,,,,,,,,,,,,,,,,,,,,,,,,,,,,,,,,,,,,,,,,,,,,,,,,,,,,
./testimage/test_rice5.png ./testimage/single/test_rice5.png ./testimage/test_chicken4.png ./testimage/single/test_chicken4.png ./testimage/test_croquette2.png ./testimage/single/test_croquette2.png ./testimage/single/compose45.png,,,,,,,,,,,,,,,,,,,,,,,,,,,,,,,,,,,,,,,,,,,,,,,,,,,,,,,,,,,,,,,,,,,,,,,,,,,,,,,,,,,,,,,,,,,,,,,,,,,,,,,,,,,,,,,,,,,,,,,,,,,,,,,,,,,,
./testimage/test_rice1.png ./testimage/single/test_rice1.png ./testimage/test_chicken5.png ./testimage/single/test_chicken5.png ./testimage/test_croquette2.png ./testimage/single/test_croquette2.png ./testimage/single/compose46.png,,,,,,,,,,,,,,,,,,,,,,,,,,,,,,,,,,,,,,,,,,,,,,,,,,,,,,,,,,,,,,,,,,,,,,,,,,,,,,,,,,,,,,,,,,,,,,,,,,,,,,,,,,,,,,,,,,,,,,,,,,,,,,,,,,,,
./testimage/test_rice2.png ./testimage/single/test_rice2.png ./testimage/test_chicken5.png ./testimage/single/test_chicken5.png ./testimage/test_croquette2.png ./testimage/single/test_croquette2.png ./testimage/single/compose47.png,,,,,,,,,,,,,,,,,,,,,,,,,,,,,,,,,,,,,,,,,,,,,,,,,,,,,,,,,,,,,,,,,,,,,,,,,,,,,,,,,,,,,,,,,,,,,,,,,,,,,,,,,,,,,,,,,,,,,,,,,,,,,,,,,,,,
./testimage/test_rice3.png ./testimage/single/test_rice3.png ./testimage/test_chicken5.png ./testimage/single/test_chicken5.png ./testimage/test_croquette2.png ./testimage/single/test_croquette2.png ./testimage/single/compose48.png,,,,,,,,,,,,,,,,,,,,,,,,,,,,,,,,,,,,,,,,,,,,,,,,,,,,,,,,,,,,,,,,,,,,,,,,,,,,,,,,,,,,,,,,,,,,,,,,,,,,,,,,,,,,,,,,,,,,,,,,,,,,,,,,,,,,
./testimage/test_rice4.png ./testimage/single/test_rice4.png ./testimage/test_chicken5.png ./testimage/single/test_chicken5.png ./testimage/test_croquette2.png ./testimage/single/test_croquette2.png ./testimage/single/compose49.png,,,,,,,,,,,,,,,,,,,,,,,,,,,,,,,,,,,,,,,,,,,,,,,,,,,,,,,,,,,,,,,,,,,,,,,,,,,,,,,,,,,,,,,,,,,,,,,,,,,,,,,,,,,,,,,,,,,,,,,,,,,,,,,,,,,,
./testimage/test_rice5.png ./testimage/single/test_rice5.png ./testimage/test_chicken5.png ./testimage/single/test_chicken5.png ./testimage/test_croquette2.png ./testimage/single/test_croquette2.png ./testimage/single/compose50.png,,,,,,,,,,,,,,,,,,,,,,,,,,,,,,,,,,,,,,,,,,,,,,,,,,,,,,,,,,,,,,,,,,,,,,,,,,,,,,,,,,,,,,,,,,,,,,,,,,,,,,,,,,,,,,,,,,,,,,,,,,,,,,,,,,,,
./testimage/test_rice1.png ./testimage/single/test_rice1.png ./testimage/test_chicken1.png ./testimage/single/test_chicken1.png ./testimage/test_croquette3.png ./testimage/single/test_croquette3.png ./testimage/single/compose51.png,,,,,,,,,,,,,,,,,,,,,,,,,,,,,,,,,,,,,,,,,,,,,,,,,,,,,,,,,,,,,,,,,,,,,,,,,,,,,,,,,,,,,,,,,,,,,,,,,,,,,,,,,,,,,,,,,,,,,,,,,,,,,,,,,,,,
./testimage/test_rice2.png ./testimage/single/test_rice2.png ./testimage/test_chicken1.png ./testimage/single/test_chicken1.png ./testimage/test_croquette3.png ./testimage/single/test_croquette3.png ./testimage/single/compose52.png,,,,,,,,,,,,,,,,,,,,,,,,,,,,,,,,,,,,,,,,,,,,,,,,,,,,,,,,,,,,,,,,,,,,,,,,,,,,,,,,,,,,,,,,,,,,,,,,,,,,,,,,,,,,,,,,,,,,,,,,,,,,,,,,,,,,
./testimage/test_rice3.png ./testimage/single/test_rice3.png ./testimage/test_chicken1.png ./testimage/single/test_chicken1.png ./testimage/test_croquette3.png ./testimage/single/test_croquette3.png ./testimage/single/compose53.png,,,,,,,,,,,,,,,,,,,,,,,,,,,,,,,,,,,,,,,,,,,,,,,,,,,,,,,,,,,,,,,,,,,,,,,,,,,,,,,,,,,,,,,,,,,,,,,,,,,,,,,,,,,,,,,,,,,,,,,,,,,,,,,,,,,,
./testimage/test_rice4.png ./testimage/single/test_rice4.png ./testimage/test_chicken1.png ./testimage/single/test_chicken1.png ./testimage/test_croquette3.png ./testimage/single/test_croquette3.png ./testimage/single/compose54.png,,,,,,,,,,,,,,,,,,,,,,,,,,,,,,,,,,,,,,,,,,,,,,,,,,,,,,,,,,,,,,,,,,,,,,,,,,,,,,,,,,,,,,,,,,,,,,,,,,,,,,,,,,,,,,,,,,,,,,,,,,,,,,,,,,,,
./testimage/test_rice5.png ./testimage/single/test_rice5.png ./testimage/test_chicken1.png ./testimage/single/test_chicken1.png ./testimage/test_croquette3.png ./testimage/single/test_croquette3.png ./testimage/single/compose55.png,,,,,,,,,,,,,,,,,,,,,,,,,,,,,,,,,,,,,,,,,,,,,,,,,,,,,,,,,,,,,,,,,,,,,,,,,,,,,,,,,,,,,,,,,,,,,,,,,,,,,,,,,,,,,,,,,,,,,,,,,,,,,,,,,,,,
./testimage/test_rice1.png ./testimage/single/test_rice1.png ./testimage/test_chicken2.png ./testimage/single/test_chicken2.png ./testimage/test_croquette3.png ./testimage/single/test_croquette3.png ./testimage/single/compose56.png,,,,,,,,,,,,,,,,,,,,,,,,,,,,,,,,,,,,,,,,,,,,,,,,,,,,,,,,,,,,,,,,,,,,,,,,,,,,,,,,,,,,,,,,,,,,,,,,,,,,,,,,,,,,,,,,,,,,,,,,,,,,,,,,,,,,
./testimage/test_rice2.png ./testimage/single/test_rice2.png ./testimage/test_chicken2.png ./testimage/single/test_chicken2.png ./testimage/test_croquette3.png ./testimage/single/test_croquette3.png ./testimage/single/compose57.png,,,,,,,,,,,,,,,,,,,,,,,,,,,,,,,,,,,,,,,,,,,,,,,,,,,,,,,,,,,,,,,,,,,,,,,,,,,,,,,,,,,,,,,,,,,,,,,,,,,,,,,,,,,,,,,,,,,,,,,,,,,,,,,,,,,,
./testimage/test_rice3.png ./testimage/single/test_rice3.png ./testimage/test_chicken2.png ./testimage/single/test_chicken2.png ./testimage/test_croquette3.png ./testimage/single/test_croquette3.png ./testimage/single/compose58.png,,,,,,,,,,,,,,,,,,,,,,,,,,,,,,,,,,,,,,,,,,,,,,,,,,,,,,,,,,,,,,,,,,,,,,,,,,,,,,,,,,,,,,,,,,,,,,,,,,,,,,,,,,,,,,,,,,,,,,,,,,,,,,,,,,,,
./testimage/test_rice4.png ./testimage/single/test_rice4.png ./testimage/test_chicken2.png ./testimage/single/test_chicken2.png ./testimage/test_croquette3.png ./testimage/single/test_croquette3.png ./testimage/single/compose59.png,,,,,,,,,,,,,,,,,,,,,,,,,,,,,,,,,,,,,,,,,,,,,,,,,,,,,,,,,,,,,,,,,,,,,,,,,,,,,,,,,,,,,,,,,,,,,,,,,,,,,,,,,,,,,,,,,,,,,,,,,,,,,,,,,,,,
./testimage/test_rice5.png ./testimage/single/test_rice5.png ./testimage/test_chicken2.png ./testimage/single/test_chicken2.png ./testimage/test_croquette3.png ./testimage/single/test_croquette3.png ./testimage/single/compose60.png,,,,,,,,,,,,,,,,,,,,,,,,,,,,,,,,,,,,,,,,,,,,,,,,,,,,,,,,,,,,,,,,,,,,,,,,,,,,,,,,,,,,,,,,,,,,,,,,,,,,,,,,,,,,,,,,,,,,,,,,,,,,,,,,,,,,
./testimage/test_rice1.png ./testimage/single/test_rice1.png ./testimage/test_chicken3.png ./testimage/single/test_chicken3.png ./testimage/test_croquette3.png ./testimage/single/test_croquette3.png ./testimage/single/compose61.png,,,,,,,,,,,,,,,,,,,,,,,,,,,,,,,,,,,,,,,,,,,,,,,,,,,,,,,,,,,,,,,,,,,,,,,,,,,,,,,,,,,,,,,,,,,,,,,,,,,,,,,,,,,,,,,,,,,,,,,,,,,,,,,,,,,,
./testimage/test_rice2.png ./testimage/single/test_rice2.png ./testimage/test_chicken3.png ./testimage/single/test_chicken3.png ./testimage/test_croquette3.png ./testimage/single/test_croquette3.png ./testimage/single/compose62.png,,,,,,,,,,,,,,,,,,,,,,,,,,,,,,,,,,,,,,,,,,,,,,,,,,,,,,,,,,,,,,,,,,,,,,,,,,,,,,,,,,,,,,,,,,,,,,,,,,,,,,,,,,,,,,,,,,,,,,,,,,,,,,,,,,,,
./testimage/test_rice3.png ./testimage/single/test_rice3.png ./testimage/test_chicken3.png ./testimage/single/test_chicken3.png ./testimage/test_croquette3.png ./testimage/single/test_croquette3.png ./testimage/single/compose63.png,,,,,,,,,,,,,,,,,,,,,,,,,,,,,,,,,,,,,,,,,,,,,,,,,,,,,,,,,,,,,,,,,,,,,,,,,,,,,,,,,,,,,,,,,,,,,,,,,,,,,,,,,,,,,,,,,,,,,,,,,,,,,,,,,,,,
./testimage/test_rice4.png ./testimage/single/test_rice4.png ./testimage/test_chicken3.png ./testimage/single/test_chicken3.png ./testimage/test_croquette3.png ./testimage/single/test_croquette3.png ./testimage/single/compose64.png,,,,,,,,,,,,,,,,,,,,,,,,,,,,,,,,,,,,,,,,,,,,,,,,,,,,,,,,,,,,,,,,,,,,,,,,,,,,,,,,,,,,,,,,,,,,,,,,,,,,,,,,,,,,,,,,,,,,,,,,,,,,,,,,,,,,
./testimage/test_rice5.png ./testimage/single/test_rice5.png ./testimage/test_chicken3.png ./testimage/single/test_chicken3.png ./testimage/test_croquette3.png ./testimage/single/test_croquette3.png ./testimage/single/compose65.png,,,,,,,,,,,,,,,,,,,,,,,,,,,,,,,,,,,,,,,,,,,,,,,,,,,,,,,,,,,,,,,,,,,,,,,,,,,,,,,,,,,,,,,,,,,,,,,,,,,,,,,,,,,,,,,,,,,,,,,,,,,,,,,,,,,,
./testimage/test_rice1.png ./testimage/single/test_rice1.png ./testimage/test_chicken4.png ./testimage/single/test_chicken4.png ./testimage/test_croquette3.png ./testimage/single/test_croquette3.png ./testimage/single/compose66.png,,,,,,,,,,,,,,,,,,,,,,,,,,,,,,,,,,,,,,,,,,,,,,,,,,,,,,,,,,,,,,,,,,,,,,,,,,,,,,,,,,,,,,,,,,,,,,,,,,,,,,,,,,,,,,,,,,,,,,,,,,,,,,,,,,,,
./testimage/test_rice2.png ./testimage/single/test_rice2.png ./testimage/test_chicken4.png ./testimage/single/test_chicken4.png ./testimage/test_croquette3.png ./testimage/single/test_croquette3.png ./testimage/single/compose67.png,,,,,,,,,,,,,,,,,,,,,,,,,,,,,,,,,,,,,,,,,,,,,,,,,,,,,,,,,,,,,,,,,,,,,,,,,,,,,,,,,,,,,,,,,,,,,,,,,,,,,,,,,,,,,,,,,,,,,,,,,,,,,,,,,,,,
./testimage/test_rice3.png ./testimage/single/test_rice3.png ./testimage/test_chicken4.png ./testimage/single/test_chicken4.png ./testimage/test_croquette3.png ./testimage/single/test_croquette3.png ./testimage/single/compose68.png,,,,,,,,,,,,,,,,,,,,,,,,,,,,,,,,,,,,,,,,,,,,,,,,,,,,,,,,,,,,,,,,,,,,,,,,,,,,,,,,,,,,,,,,,,,,,,,,,,,,,,,,,,,,,,,,,,,,,,,,,,,,,,,,,,,,
./testimage/test_rice4.png ./testimage/single/test_rice4.png ./testimage/test_chicken4.png ./testimage/single/test_chicken4.png ./testimage/test_croquette3.png ./testimage/single/test_croquette3.png ./testimage/single/compose69.png,,,,,,,,,,,,,,,,,,,,,,,,,,,,,,,,,,,,,,,,,,,,,,,,,,,,,,,,,,,,,,,,,,,,,,,,,,,,,,,,,,,,,,,,,,,,,,,,,,,,,,,,,,,,,,,,,,,,,,,,,,,,,,,,,,,,
./testimage/test_rice5.png ./testimage/single/test_rice5.png ./testimage/test_chicken4.png ./testimage/single/test_chicken4.png ./testimage/test_croquette3.png ./testimage/single/test_croquette3.png ./testimage/single/compose70.png,,,,,,,,,,,,,,,,,,,,,,,,,,,,,,,,,,,,,,,,,,,,,,,,,,,,,,,,,,,,,,,,,,,,,,,,,,,,,,,,,,,,,,,,,,,,,,,,,,,,,,,,,,,,,,,,,,,,,,,,,,,,,,,,,,,,
./testimage/test_rice1.png ./testimage/single/test_rice1.png ./testimage/test_chicken5.png ./testimage/single/test_chicken5.png ./testimage/test_croquette3.png ./testimage/single/test_croquette3.png ./testimage/single/compose71.png,,,,,,,,,,,,,,,,,,,,,,,,,,,,,,,,,,,,,,,,,,,,,,,,,,,,,,,,,,,,,,,,,,,,,,,,,,,,,,,,,,,,,,,,,,,,,,,,,,,,,,,,,,,,,,,,,,,,,,,,,,,,,,,,,,,,
./testimage/test_rice2.png ./testimage/single/test_rice2.png ./testimage/test_chicken5.png ./testimage/single/test_chicken5.png ./testimage/test_croquette3.png ./testimage/single/test_croquette3.png ./testimage/single/compose72.png,,,,,,,,,,,,,,,,,,,,,,,,,,,,,,,,,,,,,,,,,,,,,,,,,,,,,,,,,,,,,,,,,,,,,,,,,,,,,,,,,,,,,,,,,,,,,,,,,,,,,,,,,,,,,,,,,,,,,,,,,,,,,,,,,,,,
./testimage/test_rice3.png ./testimage/single/test_rice3.png ./testimage/test_chicken5.png ./testimage/single/test_chicken5.png ./testimage/test_croquette3.png ./testimage/single/test_croquette3.png ./testimage/single/compose73.png,,,,,,,,,,,,,,,,,,,,,,,,,,,,,,,,,,,,,,,,,,,,,,,,,,,,,,,,,,,,,,,,,,,,,,,,,,,,,,,,,,,,,,,,,,,,,,,,,,,,,,,,,,,,,,,,,,,,,,,,,,,,,,,,,,,,
./testimage/test_rice4.png ./testimage/single/test_rice4.png ./testimage/test_chicken5.png ./testimage/single/test_chicken5.png ./testimage/test_croquette3.png ./testimage/single/test_croquette3.png ./testimage/single/compose74.png,,,,,,,,,,,,,,,,,,,,,,,,,,,,,,,,,,,,,,,,,,,,,,,,,,,,,,,,,,,,,,,,,,,,,,,,,,,,,,,,,,,,,,,,,,,,,,,,,,,,,,,,,,,,,,,,,,,,,,,,,,,,,,,,,,,,
./testimage/test_rice5.png ./testimage/single/test_rice5.png ./testimage/test_chicken5.png ./testimage/single/test_chicken5.png ./testimage/test_croquette3.png ./testimage/single/test_croquette3.png ./testimage/single/compose75.png,,,,,,,,,,,,,,,,,,,,,,,,,,,,,,,,,,,,,,,,,,,,,,,,,,,,,,,,,,,,,,,,,,,,,,,,,,,,,,,,,,,,,,,,,,,,,,,,,,,,,,,,,,,,,,,,,,,,,,,,,,,,,,,,,,,,
./testimage/test_rice1.png ./testimage/single/test_rice1.png ./testimage/test_chicken1.png ./testimage/single/test_chicken1.png ./testimage/test_croquette4.png ./testimage/single/test_croquette4.png ./testimage/single/compose76.png,,,,,,,,,,,,,,,,,,,,,,,,,,,,,,,,,,,,,,,,,,,,,,,,,,,,,,,,,,,,,,,,,,,,,,,,,,,,,,,,,,,,,,,,,,,,,,,,,,,,,,,,,,,,,,,,,,,,,,,,,,,,,,,,,,,,
./testimage/test_rice2.png ./testimage/single/test_rice2.png ./testimage/test_chicken1.png ./testimage/single/test_chicken1.png ./testimage/test_croquette4.png ./testimage/single/test_croquette4.png ./testimage/single/compose77.png,,,,,,,,,,,,,,,,,,,,,,,,,,,,,,,,,,,,,,,,,,,,,,,,,,,,,,,,,,,,,,,,,,,,,,,,,,,,,,,,,,,,,,,,,,,,,,,,,,,,,,,,,,,,,,,,,,,,,,,,,,,,,,,,,,,,
./testimage/test_rice3.png ./testimage/single/test_rice3.png ./testimage/test_chicken1.png ./testimage/single/test_chicken1.png ./testimage/test_croquette4.png ./testimage/single/test_croquette4.png ./testimage/single/compose78.png,,,,,,,,,,,,,,,,,,,,,,,,,,,,,,,,,,,,,,,,,,,,,,,,,,,,,,,,,,,,,,,,,,,,,,,,,,,,,,,,,,,,,,,,,,,,,,,,,,,,,,,,,,,,,,,,,,,,,,,,,,,,,,,,,,,,
./testimage/test_rice4.png ./testimage/single/test_rice4.png ./testimage/test_chicken1.png ./testimage/single/test_chicken1.png ./testimage/test_croquette4.png ./testimage/single/test_croquette4.png ./testimage/single/compose79.png,,,,,,,,,,,,,,,,,,,,,,,,,,,,,,,,,,,,,,,,,,,,,,,,,,,,,,,,,,,,,,,,,,,,,,,,,,,,,,,,,,,,,,,,,,,,,,,,,,,,,,,,,,,,,,,,,,,,,,,,,,,,,,,,,,,,
./testimage/test_rice5.png ./testimage/single/test_rice5.png ./testimage/test_chicken1.png ./testimage/single/test_chicken1.png ./testimage/test_croquette4.png ./testimage/single/test_croquette4.png ./testimage/single/compose80.png,,,,,,,,,,,,,,,,,,,,,,,,,,,,,,,,,,,,,,,,,,,,,,,,,,,,,,,,,,,,,,,,,,,,,,,,,,,,,,,,,,,,,,,,,,,,,,,,,,,,,,,,,,,,,,,,,,,,,,,,,,,,,,,,,,,,
./testimage/test_rice1.png ./testimage/single/test_rice1.png ./testimage/test_chicken2.png ./testimage/single/test_chicken2.png ./testimage/test_croquette4.png ./testimage/single/test_croquette4.png ./testimage/single/compose81.png,,,,,,,,,,,,,,,,,,,,,,,,,,,,,,,,,,,,,,,,,,,,,,,,,,,,,,,,,,,,,,,,,,,,,,,,,,,,,,,,,,,,,,,,,,,,,,,,,,,,,,,,,,,,,,,,,,,,,,,,,,,,,,,,,,,,
./testimage/test_rice2.png ./testimage/single/test_rice2.png ./testimage/test_chicken2.png ./testimage/single/test_chicken2.png ./testimage/test_croquette4.png ./testimage/single/test_croquette4.png ./testimage/single/compose82.png,,,,,,,,,,,,,,,,,,,,,,,,,,,,,,,,,,,,,,,,,,,,,,,,,,,,,,,,,,,,,,,,,,,,,,,,,,,,,,,,,,,,,,,,,,,,,,,,,,,,,,,,,,,,,,,,,,,,,,,,,,,,,,,,,,,,
./testimage/test_rice3.png ./testimage/single/test_rice3.png ./testimage/test_chicken2.png ./testimage/single/test_chicken2.png ./testimage/test_croquette4.png ./testimage/single/test_croquette4.png ./testimage/single/compose83.png,,,,,,,,,,,,,,,,,,,,,,,,,,,,,,,,,,,,,,,,,,,,,,,,,,,,,,,,,,,,,,,,,,,,,,,,,,,,,,,,,,,,,,,,,,,,,,,,,,,,,,,,,,,,,,,,,,,,,,,,,,,,,,,,,,,,
./testimage/test_rice4.png ./testimage/single/test_rice4.png ./testimage/test_chicken2.png ./testimage/single/test_chicken2.png ./testimage/test_croquette4.png ./testimage/single/test_croquette4.png ./testimage/single/compose84.png,,,,,,,,,,,,,,,,,,,,,,,,,,,,,,,,,,,,,,,,,,,,,,,,,,,,,,,,,,,,,,,,,,,,,,,,,,,,,,,,,,,,,,,,,,,,,,,,,,,,,,,,,,,,,,,,,,,,,,,,,,,,,,,,,,,,
./testimage/test_rice5.png ./testimage/single/test_rice5.png ./testimage/test_chicken2.png ./testimage/single/test_chicken2.png ./testimage/test_croquette4.png ./testimage/single/test_croquette4.png ./testimage/single/compose85.png,,,,,,,,,,,,,,,,,,,,,,,,,,,,,,,,,,,,,,,,,,,,,,,,,,,,,,,,,,,,,,,,,,,,,,,,,,,,,,,,,,,,,,,,,,,,,,,,,,,,,,,,,,,,,,,,,,,,,,,,,,,,,,,,,,,,
./testimage/test_rice1.png ./testimage/single/test_rice1.png ./testimage/test_chicken3.png ./testimage/single/test_chicken3.png ./testimage/test_croquette4.png ./testimage/single/test_croquette4.png ./testimage/single/compose86.png,,,,,,,,,,,,,,,,,,,,,,,,,,,,,,,,,,,,,,,,,,,,,,,,,,,,,,,,,,,,,,,,,,,,,,,,,,,,,,,,,,,,,,,,,,,,,,,,,,,,,,,,,,,,,,,,,,,,,,,,,,,,,,,,,,,,
./testimage/test_rice2.png ./testimage/single/test_rice2.png ./testimage/test_chicken3.png ./testimage/single/test_chicken3.png ./testimage/test_croquette4.png ./testimage/single/test_croquette4.png ./testimage/single/compose87.png,,,,,,,,,,,,,,,,,,,,,,,,,,,,,,,,,,,,,,,,,,,,,,,,,,,,,,,,,,,,,,,,,,,,,,,,,,,,,,,,,,,,,,,,,,,,,,,,,,,,,,,,,,,,,,,,,,,,,,,,,,,,,,,,,,,,
./testimage/test_rice3.png ./testimage/single/test_rice3.png ./testimage/test_chicken3.png ./testimage/single/test_chicken3.png ./testimage/test_croquette4.png ./testimage/single/test_croquette4.png ./testimage/single/compose88.png,,,,,,,,,,,,,,,,,,,,,,,,,,,,,,,,,,,,,,,,,,,,,,,,,,,,,,,,,,,,,,,,,,,,,,,,,,,,,,,,,,,,,,,,,,,,,,,,,,,,,,,,,,,,,,,,,,,,,,,,,,,,,,,,,,,,
./testimage/test_rice4.png ./testimage/single/test_rice4.png ./testimage/test_chicken3.png ./testimage/single/test_chicken3.png ./testimage/test_croquette4.png ./testimage/single/test_croquette4.png ./testimage/single/compose89.png,,,,,,,,,,,,,,,,,,,,,,,,,,,,,,,,,,,,,,,,,,,,,,,,,,,,,,,,,,,,,,,,,,,,,,,,,,,,,,,,,,,,,,,,,,,,,,,,,,,,,,,,,,,,,,,,,,,,,,,,,,,,,,,,,,,,
./testimage/test_rice5.png ./testimage/single/test_rice5.png ./testimage/test_chicken3.png ./testimage/single/test_chicken3.png ./testimage/test_croquette4.png ./testimage/single/test_croquette4.png ./testimage/single/compose90.png,,,,,,,,,,,,,,,,,,,,,,,,,,,,,,,,,,,,,,,,,,,,,,,,,,,,,,,,,,,,,,,,,,,,,,,,,,,,,,,,,,,,,,,,,,,,,,,,,,,,,,,,,,,,,,,,,,,,,,,,,,,,,,,,,,,,
./testimage/test_rice1.png ./testimage/single/test_rice1.png ./testimage/test_chicken4.png ./testimage/single/test_chicken4.png ./testimage/test_croquette4.png ./testimage/single/test_croquette4.png ./testimage/single/compose91.png,,,,,,,,,,,,,,,,,,,,,,,,,,,,,,,,,,,,,,,,,,,,,,,,,,,,,,,,,,,,,,,,,,,,,,,,,,,,,,,,,,,,,,,,,,,,,,,,,,,,,,,,,,,,,,,,,,,,,,,,,,,,,,,,,,,,
./testimage/test_rice2.png ./testimage/single/test_rice2.png ./testimage/test_chicken4.png ./testimage/single/test_chicken4.png ./testimage/test_croquette4.png ./testimage/single/test_croquette4.png ./testimage/single/compose92.png,,,,,,,,,,,,,,,,,,,,,,,,,,,,,,,,,,,,,,,,,,,,,,,,,,,,,,,,,,,,,,,,,,,,,,,,,,,,,,,,,,,,,,,,,,,,,,,,,,,,,,,,,,,,,,,,,,,,,,,,,,,,,,,,,,,,
./testimage/test_rice3.png ./testimage/single/test_rice3.png ./testimage/test_chicken4.png ./testimage/single/test_chicken4.png ./testimage/test_croquette4.png ./testimage/single/test_croquette4.png ./testimage/single/compose93.png,,,,,,,,,,,,,,,,,,,,,,,,,,,,,,,,,,,,,,,,,,,,,,,,,,,,,,,,,,,,,,,,,,,,,,,,,,,,,,,,,,,,,,,,,,,,,,,,,,,,,,,,,,,,,,,,,,,,,,,,,,,,,,,,,,,,
./testimage/test_rice4.png ./testimage/single/test_rice4.png ./testimage/test_chicken4.png ./testimage/single/test_chicken4.png ./testimage/test_croquette4.png ./testimage/single/test_croquette4.png ./testimage/single/compose94.png,,,,,,,,,,,,,,,,,,,,,,,,,,,,,,,,,,,,,,,,,,,,,,,,,,,,,,,,,,,,,,,,,,,,,,,,,,,,,,,,,,,,,,,,,,,,,,,,,,,,,,,,,,,,,,,,,,,,,,,,,,,,,,,,,,,,
./testimage/test_rice5.png ./testimage/single/test_rice5.png ./testimage/test_chicken4.png ./testimage/single/test_chicken4.png ./testimage/test_croquette4.png ./testimage/single/test_croquette4.png ./testimage/single/compose95.png,,,,,,,,,,,,,,,,,,,,,,,,,,,,,,,,,,,,,,,,,,,,,,,,,,,,,,,,,,,,,,,,,,,,,,,,,,,,,,,,,,,,,,,,,,,,,,,,,,,,,,,,,,,,,,,,,,,,,,,,,,,,,,,,,,,,
./testimage/test_rice1.png ./testimage/single/test_rice1.png ./testimage/test_chicken5.png ./testimage/single/test_chicken5.png ./testimage/test_croquette4.png ./testimage/single/test_croquette4.png ./testimage/single/compose96.png,,,,,,,,,,,,,,,,,,,,,,,,,,,,,,,,,,,,,,,,,,,,,,,,,,,,,,,,,,,,,,,,,,,,,,,,,,,,,,,,,,,,,,,,,,,,,,,,,,,,,,,,,,,,,,,,,,,,,,,,,,,,,,,,,,,,
./testimage/test_rice2.png ./testimage/single/test_rice2.png ./testimage/test_chicken5.png ./testimage/single/test_chicken5.png ./testimage/test_croquette4.png ./testimage/single/test_croquette4.png ./testimage/single/compose97.png,,,,,,,,,,,,,,,,,,,,,,,,,,,,,,,,,,,,,,,,,,,,,,,,,,,,,,,,,,,,,,,,,,,,,,,,,,,,,,,,,,,,,,,,,,,,,,,,,,,,,,,,,,,,,,,,,,,,,,,,,,,,,,,,,,,,
./testimage/test_rice3.png ./testimage/single/test_rice3.png ./testimage/test_chicken5.png ./testimage/single/test_chicken5.png ./testimage/test_croquette4.png ./testimage/single/test_croquette4.png ./testimage/single/compose98.png,,,,,,,,,,,,,,,,,,,,,,,,,,,,,,,,,,,,,,,,,,,,,,,,,,,,,,,,,,,,,,,,,,,,,,,,,,,,,,,,,,,,,,,,,,,,,,,,,,,,,,,,,,,,,,,,,,,,,,,,,,,,,,,,,,,,
./testimage/test_rice4.png ./testimage/single/test_rice4.png ./testimage/test_chicken5.png ./testimage/single/test_chicken5.png ./testimage/test_croquette4.png ./testimage/single/test_croquette4.png ./testimage/single/compose99.png,,,,,,,,,,,,,,,,,,,,,,,,,,,,,,,,,,,,,,,,,,,,,,,,,,,,,,,,,,,,,,,,,,,,,,,,,,,,,,,,,,,,,,,,,,,,,,,,,,,,,,,,,,,,,,,,,,,,,,,,,,,,,,,,,,,,
./testimage/test_rice5.png ./testimage/single/test_rice5.png ./testimage/test_chicken5.png ./testimage/single/test_chicken5.png ./testimage/test_croquette4.png ./testimage/single/test_croquette4.png ./testimage/single/compose100.png,,,,,,,,,,,,,,,,,,,,,,,,,,,,,,,,,,,,,,,,,,,,,,,,,,,,,,,,,,,,,,,,,,,,,,,,,,,,,,,,,,,,,,,,,,,,,,,,,,,,,,,,,,,,,,,,,,,,,,,,,,,,,,,,,,,,
./testimage/test_rice1.png ./testimage/single/test_rice1.png ./testimage/test_chicken1.png ./testimage/single/test_chicken1.png ./testimage/test_croquette5.png ./testimage/single/test_croquette5.png ./testimage/single/compose101.png,,,,,,,,,,,,,,,,,,,,,,,,,,,,,,,,,,,,,,,,,,,,,,,,,,,,,,,,,,,,,,,,,,,,,,,,,,,,,,,,,,,,,,,,,,,,,,,,,,,,,,,,,,,,,,,,,,,,,,,,,,,,,,,,,,,,
./testimage/test_rice2.png ./testimage/single/test_rice2.png ./testimage/test_chicken1.png ./testimage/single/test_chicken1.png ./testimage/test_croquette5.png ./testimage/single/test_croquette5.png ./testimage/single/compose102.png,,,,,,,,,,,,,,,,,,,,,,,,,,,,,,,,,,,,,,,,,,,,,,,,,,,,,,,,,,,,,,,,,,,,,,,,,,,,,,,,,,,,,,,,,,,,,,,,,,,,,,,,,,,,,,,,,,,,,,,,,,,,,,,,,,,,
./testimage/test_rice3.png ./testimage/single/test_rice3.png ./testimage/test_chicken1.png ./testimage/single/test_chicken1.png ./testimage/test_croquette5.png ./testimage/single/test_croquette5.png ./testimage/single/compose103.png,,,,,,,,,,,,,,,,,,,,,,,,,,,,,,,,,,,,,,,,,,,,,,,,,,,,,,,,,,,,,,,,,,,,,,,,,,,,,,,,,,,,,,,,,,,,,,,,,,,,,,,,,,,,,,,,,,,,,,,,,,,,,,,,,,,,
./testimage/test_rice4.png ./testimage/single/test_rice4.png ./testimage/test_chicken1.png ./testimage/single/test_chicken1.png ./testimage/test_croquette5.png ./testimage/single/test_croquette5.png ./testimage/single/compose104.png,,,,,,,,,,,,,,,,,,,,,,,,,,,,,,,,,,,,,,,,,,,,,,,,,,,,,,,,,,,,,,,,,,,,,,,,,,,,,,,,,,,,,,,,,,,,,,,,,,,,,,,,,,,,,,,,,,,,,,,,,,,,,,,,,,,,
./testimage/test_rice5.png ./testimage/single/test_rice5.png ./testimage/test_chicken1.png ./testimage/single/test_chicken1.png ./testimage/test_croquette5.png ./testimage/single/test_croquette5.png ./testimage/single/compose105.png,,,,,,,,,,,,,,,,,,,,,,,,,,,,,,,,,,,,,,,,,,,,,,,,,,,,,,,,,,,,,,,,,,,,,,,,,,,,,,,,,,,,,,,,,,,,,,,,,,,,,,,,,,,,,,,,,,,,,,,,,,,,,,,,,,,,
./testimage/test_rice1.png ./testimage/single/test_rice1.png ./testimage/test_chicken2.png ./testimage/single/test_chicken2.png ./testimage/test_croquette5.png ./testimage/single/test_croquette5.png ./testimage/single/compose106.png,,,,,,,,,,,,,,,,,,,,,,,,,,,,,,,,,,,,,,,,,,,,,,,,,,,,,,,,,,,,,,,,,,,,,,,,,,,,,,,,,,,,,,,,,,,,,,,,,,,,,,,,,,,,,,,,,,,,,,,,,,,,,,,,,,,,
./testimage/test_rice2.png ./testimage/single/test_rice2.png ./testimage/test_chicken2.png ./testimage/single/test_chicken2.png ./testimage/test_croquette5.png ./testimage/single/test_croquette5.png ./testimage/single/compose107.png,,,,,,,,,,,,,,,,,,,,,,,,,,,,,,,,,,,,,,,,,,,,,,,,,,,,,,,,,,,,,,,,,,,,,,,,,,,,,,,,,,,,,,,,,,,,,,,,,,,,,,,,,,,,,,,,,,,,,,,,,,,,,,,,,,,,
./testimage/test_rice3.png ./testimage/single/test_rice3.png ./testimage/test_chicken2.png ./testimage/single/test_chicken2.png ./testimage/test_croquette5.png ./testimage/single/test_croquette5.png ./testimage/single/compose108.png,,,,,,,,,,,,,,,,,,,,,,,,,,,,,,,,,,,,,,,,,,,,,,,,,,,,,,,,,,,,,,,,,,,,,,,,,,,,,,,,,,,,,,,,,,,,,,,,,,,,,,,,,,,,,,,,,,,,,,,,,,,,,,,,,,,,
./testimage/test_rice4.png ./testimage/single/test_rice4.png ./testimage/test_chicken2.png ./testimage/single/test_chicken2.png ./testimage/test_croquette5.png ./testimage/single/test_croquette5.png ./testimage/single/compose109.png,,,,,,,,,,,,,,,,,,,,,,,,,,,,,,,,,,,,,,,,,,,,,,,,,,,,,,,,,,,,,,,,,,,,,,,,,,,,,,,,,,,,,,,,,,,,,,,,,,,,,,,,,,,,,,,,,,,,,,,,,,,,,,,,,,,,
./testimage/test_rice5.png ./testimage/single/test_rice5.png ./testimage/test_chicken2.png ./testimage/single/test_chicken2.png ./testimage/test_croquette5.png ./testimage/single/test_croquette5.png ./testimage/single/compose110.png,,,,,,,,,,,,,,,,,,,,,,,,,,,,,,,,,,,,,,,,,,,,,,,,,,,,,,,,,,,,,,,,,,,,,,,,,,,,,,,,,,,,,,,,,,,,,,,,,,,,,,,,,,,,,,,,,,,,,,,,,,,,,,,,,,,,
./testimage/test_rice1.png ./testimage/single/test_rice1.png ./testimage/test_chicken3.png ./testimage/single/test_chicken3.png ./testimage/test_croquette5.png ./testimage/single/test_croquette5.png ./testimage/single/compose111.png,,,,,,,,,,,,,,,,,,,,,,,,,,,,,,,,,,,,,,,,,,,,,,,,,,,,,,,,,,,,,,,,,,,,,,,,,,,,,,,,,,,,,,,,,,,,,,,,,,,,,,,,,,,,,,,,,,,,,,,,,,,,,,,,,,,,
./testimage/test_rice2.png ./testimage/single/test_rice2.png ./testimage/test_chicken3.png ./testimage/single/test_chicken3.png ./testimage/test_croquette5.png ./testimage/single/test_croquette5.png ./testimage/single/compose112.png,,,,,,,,,,,,,,,,,,,,,,,,,,,,,,,,,,,,,,,,,,,,,,,,,,,,,,,,,,,,,,,,,,,,,,,,,,,,,,,,,,,,,,,,,,,,,,,,,,,,,,,,,,,,,,,,,,,,,,,,,,,,,,,,,,,,
./testimage/test_rice3.png ./testimage/single/test_rice3.png ./testimage/test_chicken3.png ./testimage/single/test_chicken3.png ./testimage/test_croquette5.png ./testimage/single/test_croquette5.png ./testimage/single/compose113.png,,,,,,,,,,,,,,,,,,,,,,,,,,,,,,,,,,,,,,,,,,,,,,,,,,,,,,,,,,,,,,,,,,,,,,,,,,,,,,,,,,,,,,,,,,,,,,,,,,,,,,,,,,,,,,,,,,,,,,,,,,,,,,,,,,,,
./testimage/test_rice4.png ./testimage/single/test_rice4.png ./testimage/test_chicken3.png ./testimage/single/test_chicken3.png ./testimage/test_croquette5.png ./testimage/single/test_croquette5.png ./testimage/single/compose114.png,,,,,,,,,,,,,,,,,,,,,,,,,,,,,,,,,,,,,,,,,,,,,,,,,,,,,,,,,,,,,,,,,,,,,,,,,,,,,,,,,,,,,,,,,,,,,,,,,,,,,,,,,,,,,,,,,,,,,,,,,,,,,,,,,,,,
./testimage/test_rice5.png ./testimage/single/test_rice5.png ./testimage/test_chicken3.png ./testimage/single/test_chicken3.png ./testimage/test_croquette5.png ./testimage/single/test_croquette5.png ./testimage/single/compose115.png,,,,,,,,,,,,,,,,,,,,,,,,,,,,,,,,,,,,,,,,,,,,,,,,,,,,,,,,,,,,,,,,,,,,,,,,,,,,,,,,,,,,,,,,,,,,,,,,,,,,,,,,,,,,,,,,,,,,,,,,,,,,,,,,,,,,
./testimage/test_rice1.png ./testimage/single/test_rice1.png ./testimage/test_chicken4.png ./testimage/single/test_chicken4.png ./testimage/test_croquette5.png ./testimage/single/test_croquette5.png ./testimage/single/compose116.png,,,,,,,,,,,,,,,,,,,,,,,,,,,,,,,,,,,,,,,,,,,,,,,,,,,,,,,,,,,,,,,,,,,,,,,,,,,,,,,,,,,,,,,,,,,,,,,,,,,,,,,,,,,,,,,,,,,,,,,,,,,,,,,,,,,,
./testimage/test_rice2.png ./testimage/single/test_rice2.png ./testimage/test_chicken4.png ./testimage/single/test_chicken4.png ./testimage/test_croquette5.png ./testimage/single/test_croquette5.png ./testimage/single/compose117.png,,,,,,,,,,,,,,,,,,,,,,,,,,,,,,,,,,,,,,,,,,,,,,,,,,,,,,,,,,,,,,,,,,,,,,,,,,,,,,,,,,,,,,,,,,,,,,,,,,,,,,,,,,,,,,,,,,,,,,,,,,,,,,,,,,,,
./testimage/test_rice3.png ./testimage/single/test_rice3.png ./testimage/test_chicken4.png ./testimage/single/test_chicken4.png ./testimage/test_croquette5.png ./testimage/single/test_croquette5.png ./testimage/single/compose118.png,,,,,,,,,,,,,,,,,,,,,,,,,,,,,,,,,,,,,,,,,,,,,,,,,,,,,,,,,,,,,,,,,,,,,,,,,,,,,,,,,,,,,,,,,,,,,,,,,,,,,,,,,,,,,,,,,,,,,,,,,,,,,,,,,,,,
./testimage/test_rice4.png ./testimage/single/test_rice4.png ./testimage/test_chicken4.png ./testimage/single/test_chicken4.png ./testimage/test_croquette5.png ./testimage/single/test_croquette5.png ./testimage/single/compose119.png,,,,,,,,,,,,,,,,,,,,,,,,,,,,,,,,,,,,,,,,,,,,,,,,,,,,,,,,,,,,,,,,,,,,,,,,,,,,,,,,,,,,,,,,,,,,,,,,,,,,,,,,,,,,,,,,,,,,,,,,,,,,,,,,,,,,
./testimage/test_rice5.png ./testimage/single/test_rice5.png ./testimage/test_chicken4.png ./testimage/single/test_chicken4.png ./testimage/test_croquette5.png ./testimage/single/test_croquette5.png ./testimage/single/compose120.png,,,,,,,,,,,,,,,,,,,,,,,,,,,,,,,,,,,,,,,,,,,,,,,,,,,,,,,,,,,,,,,,,,,,,,,,,,,,,,,,,,,,,,,,,,,,,,,,,,,,,,,,,,,,,,,,,,,,,,,,,,,,,,,,,,,,
./testimage/test_rice1.png ./testimage/single/test_rice1.png ./testimage/test_chicken5.png ./testimage/single/test_chicken5.png ./testimage/test_croquette5.png ./testimage/single/test_croquette5.png ./testimage/single/compose121.png,,,,,,,,,,,,,,,,,,,,,,,,,,,,,,,,,,,,,,,,,,,,,,,,,,,,,,,,,,,,,,,,,,,,,,,,,,,,,,,,,,,,,,,,,,,,,,,,,,,,,,,,,,,,,,,,,,,,,,,,,,,,,,,,,,,,
./testimage/test_rice2.png ./testimage/single/test_rice2.png ./testimage/test_chicken5.png ./testimage/single/test_chicken5.png ./testimage/test_croquette5.png ./testimage/single/test_croquette5.png ./testimage/single/compose122.png,,,,,,,,,,,,,,,,,,,,,,,,,,,,,,,,,,,,,,,,,,,,,,,,,,,,,,,,,,,,,,,,,,,,,,,,,,,,,,,,,,,,,,,,,,,,,,,,,,,,,,,,,,,,,,,,,,,,,,,,,,,,,,,,,,,,
./testimage/test_rice3.png ./testimage/single/test_rice3.png ./testimage/test_chicken5.png ./testimage/single/test_chicken5.png ./testimage/test_croquette5.png ./testimage/single/test_croquette5.png ./testimage/single/compose123.png,,,,,,,,,,,,,,,,,,,,,,,,,,,,,,,,,,,,,,,,,,,,,,,,,,,,,,,,,,,,,,,,,,,,,,,,,,,,,,,,,,,,,,,,,,,,,,,,,,,,,,,,,,,,,,,,,,,,,,,,,,,,,,,,,,,,
./testimage/test_rice4.png ./testimage/single/test_rice4.png ./testimage/test_chicken5.png ./testimage/single/test_chicken5.png ./testimage/test_croquette5.png ./testimage/single/test_croquette5.png ./testimage/single/compose124.png,,,,,,,,,,,,,,,,,,,,,,,,,,,,,,,,,,,,,,,,,,,,,,,,,,,,,,,,,,,,,,,,,,,,,,,,,,,,,,,,,,,,,,,,,,,,,,,,,,,,,,,,,,,,,,,,,,,,,,,,,,,,,,,,,,,,
./testimage/test_rice5.png ./testimage/single/test_rice5.png ./testimage/test_chicken5.png ./testimage/single/test_chicken5.png ./testimage/test_croquette5.png ./testimage/single/test_croquette5.png ./testimage/single/compose125.png,,,,,,,,,,,,,,,,,,,,,,,,,,,,,,,,,,,,,,,,,,,,,,,,,,,,,,,,,,,,,,,,,,,,,,,,,,,,,,,,,,,,,,,,,,,,,,,,,,,,,,,,,,,,,,,,,,,,,,,,,,,,,,,,,,,,
./testimage/test_rice1.png ./testimage/single/test_rice1.png ./testimage/test_croquette1.png ./testimage/single/test_croquette1.png ./testimage/test_salmon1.png ./testimage/single/test_salmon1.png ./testimage/single/compose126.png,,,,,,,,,,,,,,,,,,,,,,,,,,,,,,,,,,,,,,,,,,,,,,,,,,,,,,,,,,,,,,,,,,,,,,,,,,,,,,,,,,,,,,,,,,,,,,,,,,,,,,,,,,,,,,,,,,,,,,,,,,,,,,,,,,,,
./testimage/test_rice2.png ./testimage/single/test_rice2.png ./testimage/test_croquette1.png ./testimage/single/test_croquette1.png ./testimage/test_salmon1.png ./testimage/single/test_salmon1.png ./testimage/single/compose127.png,,,,,,,,,,,,,,,,,,,,,,,,,,,,,,,,,,,,,,,,,,,,,,,,,,,,,,,,,,,,,,,,,,,,,,,,,,,,,,,,,,,,,,,,,,,,,,,,,,,,,,,,,,,,,,,,,,,,,,,,,,,,,,,,,,,,
./testimage/test_rice3.png ./testimage/single/test_rice3.png ./testimage/test_croquette1.png ./testimage/single/test_croquette1.png ./testimage/test_salmon1.png ./testimage/single/test_salmon1.png ./testimage/single/compose128.png,,,,,,,,,,,,,,,,,,,,,,,,,,,,,,,,,,,,,,,,,,,,,,,,,,,,,,,,,,,,,,,,,,,,,,,,,,,,,,,,,,,,,,,,,,,,,,,,,,,,,,,,,,,,,,,,,,,,,,,,,,,,,,,,,,,,
./testimage/test_rice4.png ./testimage/single/test_rice4.png ./testimage/test_croquette1.png ./testimage/single/test_croquette1.png ./testimage/test_salmon1.png ./testimage/single/test_salmon1.png ./testimage/single/compose129.png,,,,,,,,,,,,,,,,,,,,,,,,,,,,,,,,,,,,,,,,,,,,,,,,,,,,,,,,,,,,,,,,,,,,,,,,,,,,,,,,,,,,,,,,,,,,,,,,,,,,,,,,,,,,,,,,,,,,,,,,,,,,,,,,,,,,
./testimage/test_rice5.png ./testimage/single/test_rice5.png ./testimage/test_croquette1.png ./testimage/single/test_croquette1.png ./testimage/test_salmon1.png ./testimage/single/test_salmon1.png ./testimage/single/compose130.png,,,,,,,,,,,,,,,,,,,,,,,,,,,,,,,,,,,,,,,,,,,,,,,,,,,,,,,,,,,,,,,,,,,,,,,,,,,,,,,,,,,,,,,,,,,,,,,,,,,,,,,,,,,,,,,,,,,,,,,,,,,,,,,,,,,,
./testimage/test_rice1.png ./testimage/single/test_rice1.png ./testimage/test_croquette2.png ./testimage/single/test_croquette2.png ./testimage/test_salmon1.png ./testimage/single/test_salmon1.png ./testimage/single/compose131.png,,,,,,,,,,,,,,,,,,,,,,,,,,,,,,,,,,,,,,,,,,,,,,,,,,,,,,,,,,,,,,,,,,,,,,,,,,,,,,,,,,,,,,,,,,,,,,,,,,,,,,,,,,,,,,,,,,,,,,,,,,,,,,,,,,,,
./testimage/test_rice2.png ./testimage/single/test_rice2.png ./testimage/test_croquette2.png ./testimage/single/test_croquette2.png ./testimage/test_salmon1.png ./testimage/single/test_salmon1.png ./testimage/single/compose132.png,,,,,,,,,,,,,,,,,,,,,,,,,,,,,,,,,,,,,,,,,,,,,,,,,,,,,,,,,,,,,,,,,,,,,,,,,,,,,,,,,,,,,,,,,,,,,,,,,,,,,,,,,,,,,,,,,,,,,,,,,,,,,,,,,,,,
./testimage/test_rice3.png ./testimage/single/test_rice3.png ./testimage/test_croquette2.png ./testimage/single/test_croquette2.png ./testimage/test_salmon1.png ./testimage/single/test_salmon1.png ./testimage/single/compose133.png,,,,,,,,,,,,,,,,,,,,,,,,,,,,,,,,,,,,,,,,,,,,,,,,,,,,,,,,,,,,,,,,,,,,,,,,,,,,,,,,,,,,,,,,,,,,,,,,,,,,,,,,,,,,,,,,,,,,,,,,,,,,,,,,,,,,
./testimage/test_rice4.png ./testimage/single/test_rice4.png ./testimage/test_croquette2.png ./testimage/single/test_croquette2.png ./testimage/test_salmon1.png ./testimage/single/test_salmon1.png ./testimage/single/compose134.png,,,,,,,,,,,,,,,,,,,,,,,,,,,,,,,,,,,,,,,,,,,,,,,,,,,,,,,,,,,,,,,,,,,,,,,,,,,,,,,,,,,,,,,,,,,,,,,,,,,,,,,,,,,,,,,,,,,,,,,,,,,,,,,,,,,,
./testimage/test_rice5.png ./testimage/single/test_rice5.png ./testimage/test_croquette2.png ./testimage/single/test_croquette2.png ./testimage/test_salmon1.png ./testimage/single/test_salmon1.png ./testimage/single/compose135.png,,,,,,,,,,,,,,,,,,,,,,,,,,,,,,,,,,,,,,,,,,,,,,,,,,,,,,,,,,,,,,,,,,,,,,,,,,,,,,,,,,,,,,,,,,,,,,,,,,,,,,,,,,,,,,,,,,,,,,,,,,,,,,,,,,,,
./testimage/test_rice1.png ./testimage/single/test_rice1.png ./testimage/test_croquette3.png ./testimage/single/test_croquette3.png ./testimage/test_salmon1.png ./testimage/single/test_salmon1.png ./testimage/single/compose136.png,,,,,,,,,,,,,,,,,,,,,,,,,,,,,,,,,,,,,,,,,,,,,,,,,,,,,,,,,,,,,,,,,,,,,,,,,,,,,,,,,,,,,,,,,,,,,,,,,,,,,,,,,,,,,,,,,,,,,,,,,,,,,,,,,,,,
./testimage/test_rice2.png ./testimage/single/test_rice2.png ./testimage/test_croquette3.png ./testimage/single/test_croquette3.png ./testimage/test_salmon1.png ./testimage/single/test_salmon1.png ./testimage/single/compose137.png,,,,,,,,,,,,,,,,,,,,,,,,,,,,,,,,,,,,,,,,,,,,,,,,,,,,,,,,,,,,,,,,,,,,,,,,,,,,,,,,,,,,,,,,,,,,,,,,,,,,,,,,,,,,,,,,,,,,,,,,,,,,,,,,,,,,
./testimage/test_rice3.png ./testimage/single/test_rice3.png ./testimage/test_croquette3.png ./testimage/single/test_croquette3.png ./testimage/test_salmon1.png ./testimage/single/test_salmon1.png ./testimage/single/compose138.png,,,,,,,,,,,,,,,,,,,,,,,,,,,,,,,,,,,,,,,,,,,,,,,,,,,,,,,,,,,,,,,,,,,,,,,,,,,,,,,,,,,,,,,,,,,,,,,,,,,,,,,,,,,,,,,,,,,,,,,,,,,,,,,,,,,,
./testimage/test_rice4.png ./testimage/single/test_rice4.png ./testimage/test_croquette3.png ./testimage/single/test_croquette3.png ./testimage/test_salmon1.png ./testimage/single/test_salmon1.png ./testimage/single/compose139.png,,,,,,,,,,,,,,,,,,,,,,,,,,,,,,,,,,,,,,,,,,,,,,,,,,,,,,,,,,,,,,,,,,,,,,,,,,,,,,,,,,,,,,,,,,,,,,,,,,,,,,,,,,,,,,,,,,,,,,,,,,,,,,,,,,,,
./testimage/test_rice5.png ./testimage/single/test_rice5.png ./testimage/test_croquette3.png ./testimage/single/test_croquette3.png ./testimage/test_salmon1.png ./testimage/single/test_salmon1.png ./testimage/single/compose140.png,,,,,,,,,,,,,,,,,,,,,,,,,,,,,,,,,,,,,,,,,,,,,,,,,,,,,,,,,,,,,,,,,,,,,,,,,,,,,,,,,,,,,,,,,,,,,,,,,,,,,,,,,,,,,,,,,,,,,,,,,,,,,,,,,,,,
./testimage/test_rice1.png ./testimage/single/test_rice1.png ./testimage/test_croquette4.png ./testimage/single/test_croquette4.png ./testimage/test_salmon1.png ./testimage/single/test_salmon1.png ./testimage/single/compose141.png,,,,,,,,,,,,,,,,,,,,,,,,,,,,,,,,,,,,,,,,,,,,,,,,,,,,,,,,,,,,,,,,,,,,,,,,,,,,,,,,,,,,,,,,,,,,,,,,,,,,,,,,,,,,,,,,,,,,,,,,,,,,,,,,,,,,
./testimage/test_rice2.png ./testimage/single/test_rice2.png ./testimage/test_croquette4.png ./testimage/single/test_croquette4.png ./testimage/test_salmon1.png ./testimage/single/test_salmon1.png ./testimage/single/compose142.png,,,,,,,,,,,,,,,,,,,,,,,,,,,,,,,,,,,,,,,,,,,,,,,,,,,,,,,,,,,,,,,,,,,,,,,,,,,,,,,,,,,,,,,,,,,,,,,,,,,,,,,,,,,,,,,,,,,,,,,,,,,,,,,,,,,,
./testimage/test_rice3.png ./testimage/single/test_rice3.png ./testimage/test_croquette4.png ./testimage/single/test_croquette4.png ./testimage/test_salmon1.png ./testimage/single/test_salmon1.png ./testimage/single/compose143.png,,,,,,,,,,,,,,,,,,,,,,,,,,,,,,,,,,,,,,,,,,,,,,,,,,,,,,,,,,,,,,,,,,,,,,,,,,,,,,,,,,,,,,,,,,,,,,,,,,,,,,,,,,,,,,,,,,,,,,,,,,,,,,,,,,,,
./testimage/test_rice4.png ./testimage/single/test_rice4.png ./testimage/test_croquette4.png ./testimage/single/test_croquette4.png ./testimage/test_salmon1.png ./testimage/single/test_salmon1.png ./testimage/single/compose144.png,,,,,,,,,,,,,,,,,,,,,,,,,,,,,,,,,,,,,,,,,,,,,,,,,,,,,,,,,,,,,,,,,,,,,,,,,,,,,,,,,,,,,,,,,,,,,,,,,,,,,,,,,,,,,,,,,,,,,,,,,,,,,,,,,,,,
./testimage/test_rice5.png ./testimage/single/test_rice5.png ./testimage/test_croquette4.png ./testimage/single/test_croquette4.png ./testimage/test_salmon1.png ./testimage/single/test_salmon1.png ./testimage/single/compose145.png,,,,,,,,,,,,,,,,,,,,,,,,,,,,,,,,,,,,,,,,,,,,,,,,,,,,,,,,,,,,,,,,,,,,,,,,,,,,,,,,,,,,,,,,,,,,,,,,,,,,,,,,,,,,,,,,,,,,,,,,,,,,,,,,,,,,
./testimage/test_rice1.png ./testimage/single/test_rice1.png ./testimage/test_croquette5.png ./testimage/single/test_croquette5.png ./testimage/test_salmon1.png ./testimage/single/test_salmon1.png ./testimage/single/compose146.png,,,,,,,,,,,,,,,,,,,,,,,,,,,,,,,,,,,,,,,,,,,,,,,,,,,,,,,,,,,,,,,,,,,,,,,,,,,,,,,,,,,,,,,,,,,,,,,,,,,,,,,,,,,,,,,,,,,,,,,,,,,,,,,,,,,,
./testimage/test_rice2.png ./testimage/single/test_rice2.png ./testimage/test_croquette5.png ./testimage/single/test_croquette5.png ./testimage/test_salmon1.png ./testimage/single/test_salmon1.png ./testimage/single/compose147.png,,,,,,,,,,,,,,,,,,,,,,,,,,,,,,,,,,,,,,,,,,,,,,,,,,,,,,,,,,,,,,,,,,,,,,,,,,,,,,,,,,,,,,,,,,,,,,,,,,,,,,,,,,,,,,,,,,,,,,,,,,,,,,,,,,,,
./testimage/test_rice3.png ./testimage/single/test_rice3.png ./testimage/test_croquette5.png ./testimage/single/test_croquette5.png ./testimage/test_salmon1.png ./testimage/single/test_salmon1.png ./testimage/single/compose148.png,,,,,,,,,,,,,,,,,,,,,,,,,,,,,,,,,,,,,,,,,,,,,,,,,,,,,,,,,,,,,,,,,,,,,,,,,,,,,,,,,,,,,,,,,,,,,,,,,,,,,,,,,,,,,,,,,,,,,,,,,,,,,,,,,,,,
./testimage/test_rice4.png ./testimage/single/test_rice4.png ./testimage/test_croquette5.png ./testimage/single/test_croquette5.png ./testimage/test_salmon1.png ./testimage/single/test_salmon1.png ./testimage/single/compose149.png,,,,,,,,,,,,,,,,,,,,,,,,,,,,,,,,,,,,,,,,,,,,,,,,,,,,,,,,,,,,,,,,,,,,,,,,,,,,,,,,,,,,,,,,,,,,,,,,,,,,,,,,,,,,,,,,,,,,,,,,,,,,,,,,,,,,
./testimage/test_rice5.png ./testimage/single/test_rice5.png ./testimage/test_croquette5.png ./testimage/single/test_croquette5.png ./testimage/test_salmon1.png ./testimage/single/test_salmon1.png ./testimage/single/compose150.png,,,,,,,,,,,,,,,,,,,,,,,,,,,,,,,,,,,,,,,,,,,,,,,,,,,,,,,,,,,,,,,,,,,,,,,,,,,,,,,,,,,,,,,,,,,,,,,,,,,,,,,,,,,,,,,,,,,,,,,,,,,,,,,,,,,,
./testimage/test_rice1.png ./testimage/single/test_rice1.png ./testimage/test_croquette1.png ./testimage/single/test_croquette1.png ./testimage/test_salmon2.png ./testimage/single/test_salmon2.png ./testimage/single/compose151.png,,,,,,,,,,,,,,,,,,,,,,,,,,,,,,,,,,,,,,,,,,,,,,,,,,,,,,,,,,,,,,,,,,,,,,,,,,,,,,,,,,,,,,,,,,,,,,,,,,,,,,,,,,,,,,,,,,,,,,,,,,,,,,,,,,,,
./testimage/test_rice2.png ./testimage/single/test_rice2.png ./testimage/test_croquette1.png ./testimage/single/test_croquette1.png ./testimage/test_salmon2.png ./testimage/single/test_salmon2.png ./testimage/single/compose152.png,,,,,,,,,,,,,,,,,,,,,,,,,,,,,,,,,,,,,,,,,,,,,,,,,,,,,,,,,,,,,,,,,,,,,,,,,,,,,,,,,,,,,,,,,,,,,,,,,,,,,,,,,,,,,,,,,,,,,,,,,,,,,,,,,,,,
./testimage/test_rice3.png ./testimage/single/test_rice3.png ./testimage/test_croquette1.png ./testimage/single/test_croquette1.png ./testimage/test_salmon2.png ./testimage/single/test_salmon2.png ./testimage/single/compose153.png,,,,,,,,,,,,,,,,,,,,,,,,,,,,,,,,,,,,,,,,,,,,,,,,,,,,,,,,,,,,,,,,,,,,,,,,,,,,,,,,,,,,,,,,,,,,,,,,,,,,,,,,,,,,,,,,,,,,,,,,,,,,,,,,,,,,
./testimage/test_rice4.png ./testimage/single/test_rice4.png ./testimage/test_croquette1.png ./testimage/single/test_croquette1.png ./testimage/test_salmon2.png ./testimage/single/test_salmon2.png ./testimage/single/compose154.png,,,,,,,,,,,,,,,,,,,,,,,,,,,,,,,,,,,,,,,,,,,,,,,,,,,,,,,,,,,,,,,,,,,,,,,,,,,,,,,,,,,,,,,,,,,,,,,,,,,,,,,,,,,,,,,,,,,,,,,,,,,,,,,,,,,,
./testimage/test_rice5.png ./testimage/single/test_rice5.png ./testimage/test_croquette1.png ./testimage/single/test_croquette1.png ./testimage/test_salmon2.png ./testimage/single/test_salmon2.png ./testimage/single/compose155.png,,,,,,,,,,,,,,,,,,,,,,,,,,,,,,,,,,,,,,,,,,,,,,,,,,,,,,,,,,,,,,,,,,,,,,,,,,,,,,,,,,,,,,,,,,,,,,,,,,,,,,,,,,,,,,,,,,,,,,,,,,,,,,,,,,,,
./testimage/test_rice1.png ./testimage/single/test_rice1.png ./testimage/test_croquette2.png ./testimage/single/test_croquette2.png ./testimage/test_salmon2.png ./testimage/single/test_salmon2.png ./testimage/single/compose156.png,,,,,,,,,,,,,,,,,,,,,,,,,,,,,,,,,,,,,,,,,,,,,,,,,,,,,,,,,,,,,,,,,,,,,,,,,,,,,,,,,,,,,,,,,,,,,,,,,,,,,,,,,,,,,,,,,,,,,,,,,,,,,,,,,,,,
./testimage/test_rice2.png ./testimage/single/test_rice2.png ./testimage/test_croquette2.png ./testimage/single/test_croquette2.png ./testimage/test_salmon2.png ./testimage/single/test_salmon2.png ./testimage/single/compose157.png,,,,,,,,,,,,,,,,,,,,,,,,,,,,,,,,,,,,,,,,,,,,,,,,,,,,,,,,,,,,,,,,,,,,,,,,,,,,,,,,,,,,,,,,,,,,,,,,,,,,,,,,,,,,,,,,,,,,,,,,,,,,,,,,,,,,
./testimage/test_rice3.png ./testimage/single/test_rice3.png ./testimage/test_croquette2.png ./testimage/single/test_croquette2.png ./testimage/test_salmon2.png ./testimage/single/test_salmon2.png ./testimage/single/compose158.png,,,,,,,,,,,,,,,,,,,,,,,,,,,,,,,,,,,,,,,,,,,,,,,,,,,,,,,,,,,,,,,,,,,,,,,,,,,,,,,,,,,,,,,,,,,,,,,,,,,,,,,,,,,,,,,,,,,,,,,,,,,,,,,,,,,,
./testimage/test_rice4.png ./testimage/single/test_rice4.png ./testimage/test_croquette2.png ./testimage/single/test_croquette2.png ./testimage/test_salmon2.png ./testimage/single/test_salmon2.png ./testimage/single/compose159.png,,,,,,,,,,,,,,,,,,,,,,,,,,,,,,,,,,,,,,,,,,,,,,,,,,,,,,,,,,,,,,,,,,,,,,,,,,,,,,,,,,,,,,,,,,,,,,,,,,,,,,,,,,,,,,,,,,,,,,,,,,,,,,,,,,,,
./testimage/test_rice5.png ./testimage/single/test_rice5.png ./testimage/test_croquette2.png ./testimage/single/test_croquette2.png ./testimage/test_salmon2.png ./testimage/single/test_salmon2.png ./testimage/single/compose160.png,,,,,,,,,,,,,,,,,,,,,,,,,,,,,,,,,,,,,,,,,,,,,,,,,,,,,,,,,,,,,,,,,,,,,,,,,,,,,,,,,,,,,,,,,,,,,,,,,,,,,,,,,,,,,,,,,,,,,,,,,,,,,,,,,,,,
./testimage/test_rice1.png ./testimage/single/test_rice1.png ./testimage/test_croquette3.png ./testimage/single/test_croquette3.png ./testimage/test_salmon2.png ./testimage/single/test_salmon2.png ./testimage/single/compose161.png,,,,,,,,,,,,,,,,,,,,,,,,,,,,,,,,,,,,,,,,,,,,,,,,,,,,,,,,,,,,,,,,,,,,,,,,,,,,,,,,,,,,,,,,,,,,,,,,,,,,,,,,,,,,,,,,,,,,,,,,,,,,,,,,,,,,
./testimage/test_rice2.png ./testimage/single/test_rice2.png ./testimage/test_croquette3.png ./testimage/single/test_croquette3.png ./testimage/test_salmon2.png ./testimage/single/test_salmon2.png ./testimage/single/compose162.png,,,,,,,,,,,,,,,,,,,,,,,,,,,,,,,,,,,,,,,,,,,,,,,,,,,,,,,,,,,,,,,,,,,,,,,,,,,,,,,,,,,,,,,,,,,,,,,,,,,,,,,,,,,,,,,,,,,,,,,,,,,,,,,,,,,,
./testimage/test_rice3.png ./testimage/single/test_rice3.png ./testimage/test_croquette3.png ./testimage/single/test_croquette3.png ./testimage/test_salmon2.png ./testimage/single/test_salmon2.png ./testimage/single/compose163.png,,,,,,,,,,,,,,,,,,,,,,,,,,,,,,,,,,,,,,,,,,,,,,,,,,,,,,,,,,,,,,,,,,,,,,,,,,,,,,,,,,,,,,,,,,,,,,,,,,,,,,,,,,,,,,,,,,,,,,,,,,,,,,,,,,,,
./testimage/test_rice4.png ./testimage/single/test_rice4.png ./testimage/test_croquette3.png ./testimage/single/test_croquette3.png ./testimage/test_salmon2.png ./testimage/single/test_salmon2.png ./testimage/single/compose164.png,,,,,,,,,,,,,,,,,,,,,,,,,,,,,,,,,,,,,,,,,,,,,,,,,,,,,,,,,,,,,,,,,,,,,,,,,,,,,,,,,,,,,,,,,,,,,,,,,,,,,,,,,,,,,,,,,,,,,,,,,,,,,,,,,,,,
./testimage/test_rice5.png ./testimage/single/test_rice5.png ./testimage/test_croquette3.png ./testimage/single/test_croquette3.png ./testimage/test_salmon2.png ./testimage/single/test_salmon2.png ./testimage/single/compose165.png,,,,,,,,,,,,,,,,,,,,,,,,,,,,,,,,,,,,,,,,,,,,,,,,,,,,,,,,,,,,,,,,,,,,,,,,,,,,,,,,,,,,,,,,,,,,,,,,,,,,,,,,,,,,,,,,,,,,,,,,,,,,,,,,,,,,
./testimage/test_rice1.png ./testimage/single/test_rice1.png ./testimage/test_croquette4.png ./testimage/single/test_croquette4.png ./testimage/test_salmon2.png ./testimage/single/test_salmon2.png ./testimage/single/compose166.png,,,,,,,,,,,,,,,,,,,,,,,,,,,,,,,,,,,,,,,,,,,,,,,,,,,,,,,,,,,,,,,,,,,,,,,,,,,,,,,,,,,,,,,,,,,,,,,,,,,,,,,,,,,,,,,,,,,,,,,,,,,,,,,,,,,,
./testimage/test_rice2.png ./testimage/single/test_rice2.png ./testimage/test_croquette4.png ./testimage/single/test_croquette4.png ./testimage/test_salmon2.png ./testimage/single/test_salmon2.png ./testimage/single/compose167.png,,,,,,,,,,,,,,,,,,,,,,,,,,,,,,,,,,,,,,,,,,,,,,,,,,,,,,,,,,,,,,,,,,,,,,,,,,,,,,,,,,,,,,,,,,,,,,,,,,,,,,,,,,,,,,,,,,,,,,,,,,,,,,,,,,,,
./testimage/test_rice3.png ./testimage/single/test_rice3.png ./testimage/test_croquette4.png ./testimage/single/test_croquette4.png ./testimage/test_salmon2.png ./testimage/single/test_salmon2.png ./testimage/single/compose168.png,,,,,,,,,,,,,,,,,,,,,,,,,,,,,,,,,,,,,,,,,,,,,,,,,,,,,,,,,,,,,,,,,,,,,,,,,,,,,,,,,,,,,,,,,,,,,,,,,,,,,,,,,,,,,,,,,,,,,,,,,,,,,,,,,,,,
./testimage/test_rice4.png ./testimage/single/test_rice4.png ./testimage/test_croquette4.png ./testimage/single/test_croquette4.png ./testimage/test_salmon2.png ./testimage/single/test_salmon2.png ./testimage/single/compose169.png,,,,,,,,,,,,,,,,,,,,,,,,,,,,,,,,,,,,,,,,,,,,,,,,,,,,,,,,,,,,,,,,,,,,,,,,,,,,,,,,,,,,,,,,,,,,,,,,,,,,,,,,,,,,,,,,,,,,,,,,,,,,,,,,,,,,
./testimage/test_rice5.png ./testimage/single/test_rice5.png ./testimage/test_croquette4.png ./testimage/single/test_croquette4.png ./testimage/test_salmon2.png ./testimage/single/test_salmon2.png ./testimage/single/compose170.png,,,,,,,,,,,,,,,,,,,,,,,,,,,,,,,,,,,,,,,,,,,,,,,,,,,,,,,,,,,,,,,,,,,,,,,,,,,,,,,,,,,,,,,,,,,,,,,,,,,,,,,,,,,,,,,,,,,,,,,,,,,,,,,,,,,,
./testimage/test_rice1.png ./testimage/single/test_rice1.png ./testimage/test_croquette5.png ./testimage/single/test_croquette5.png ./testimage/test_salmon2.png ./testimage/single/test_salmon2.png ./testimage/single/compose171.png,,,,,,,,,,,,,,,,,,,,,,,,,,,,,,,,,,,,,,,,,,,,,,,,,,,,,,,,,,,,,,,,,,,,,,,,,,,,,,,,,,,,,,,,,,,,,,,,,,,,,,,,,,,,,,,,,,,,,,,,,,,,,,,,,,,,
./testimage/test_rice2.png ./testimage/single/test_rice2.png ./testimage/test_croquette5.png ./testimage/single/test_croquette5.png ./testimage/test_salmon2.png ./testimage/single/test_salmon2.png ./testimage/single/compose172.png,,,,,,,,,,,,,,,,,,,,,,,,,,,,,,,,,,,,,,,,,,,,,,,,,,,,,,,,,,,,,,,,,,,,,,,,,,,,,,,,,,,,,,,,,,,,,,,,,,,,,,,,,,,,,,,,,,,,,,,,,,,,,,,,,,,,
./testimage/test_rice3.png ./testimage/single/test_rice3.png ./testimage/test_croquette5.png ./testimage/single/test_croquette5.png ./testimage/test_salmon2.png ./testimage/single/test_salmon2.png ./testimage/single/compose173.png,,,,,,,,,,,,,,,,,,,,,,,,,,,,,,,,,,,,,,,,,,,,,,,,,,,,,,,,,,,,,,,,,,,,,,,,,,,,,,,,,,,,,,,,,,,,,,,,,,,,,,,,,,,,,,,,,,,,,,,,,,,,,,,,,,,,
./testimage/test_rice4.png ./testimage/single/test_rice4.png ./testimage/test_croquette5.png ./testimage/single/test_croquette5.png ./testimage/test_salmon2.png ./testimage/single/test_salmon2.png ./testimage/single/compose174.png,,,,,,,,,,,,,,,,,,,,,,,,,,,,,,,,,,,,,,,,,,,,,,,,,,,,,,,,,,,,,,,,,,,,,,,,,,,,,,,,,,,,,,,,,,,,,,,,,,,,,,,,,,,,,,,,,,,,,,,,,,,,,,,,,,,,
./testimage/test_rice5.png ./testimage/single/test_rice5.png ./testimage/test_croquette5.png ./testimage/single/test_croquette5.png ./testimage/test_salmon2.png ./testimage/single/test_salmon2.png ./testimage/single/compose175.png,,,,,,,,,,,,,,,,,,,,,,,,,,,,,,,,,,,,,,,,,,,,,,,,,,,,,,,,,,,,,,,,,,,,,,,,,,,,,,,,,,,,,,,,,,,,,,,,,,,,,,,,,,,,,,,,,,,,,,,,,,,,,,,,,,,,
./testimage/test_rice1.png ./testimage/single/test_rice1.png ./testimage/test_croquette1.png ./testimage/single/test_croquette1.png ./testimage/test_salmon3.png ./testimage/single/test_salmon3.png ./testimage/single/compose176.png,,,,,,,,,,,,,,,,,,,,,,,,,,,,,,,,,,,,,,,,,,,,,,,,,,,,,,,,,,,,,,,,,,,,,,,,,,,,,,,,,,,,,,,,,,,,,,,,,,,,,,,,,,,,,,,,,,,,,,,,,,,,,,,,,,,,
./testimage/test_rice2.png ./testimage/single/test_rice2.png ./testimage/test_croquette1.png ./testimage/single/test_croquette1.png ./testimage/test_salmon3.png ./testimage/single/test_salmon3.png ./testimage/single/compose177.png,,,,,,,,,,,,,,,,,,,,,,,,,,,,,,,,,,,,,,,,,,,,,,,,,,,,,,,,,,,,,,,,,,,,,,,,,,,,,,,,,,,,,,,,,,,,,,,,,,,,,,,,,,,,,,,,,,,,,,,,,,,,,,,,,,,,
./testimage/test_rice3.png ./testimage/single/test_rice3.png ./testimage/test_croquette1.png ./testimage/single/test_croquette1.png ./testimage/test_salmon3.png ./testimage/single/test_salmon3.png ./testimage/single/compose178.png,,,,,,,,,,,,,,,,,,,,,,,,,,,,,,,,,,,,,,,,,,,,,,,,,,,,,,,,,,,,,,,,,,,,,,,,,,,,,,,,,,,,,,,,,,,,,,,,,,,,,,,,,,,,,,,,,,,,,,,,,,,,,,,,,,,,
./testimage/test_rice4.png ./testimage/single/test_rice4.png ./testimage/test_croquette1.png ./testimage/single/test_croquette1.png ./testimage/test_salmon3.png ./testimage/single/test_salmon3.png ./testimage/single/compose179.png,,,,,,,,,,,,,,,,,,,,,,,,,,,,,,,,,,,,,,,,,,,,,,,,,,,,,,,,,,,,,,,,,,,,,,,,,,,,,,,,,,,,,,,,,,,,,,,,,,,,,,,,,,,,,,,,,,,,,,,,,,,,,,,,,,,,
./testimage/test_rice5.png ./testimage/single/test_rice5.png ./testimage/test_croquette1.png ./testimage/single/test_croquette1.png ./testimage/test_salmon3.png ./testimage/single/test_salmon3.png ./testimage/single/compose180.png,,,,,,,,,,,,,,,,,,,,,,,,,,,,,,,,,,,,,,,,,,,,,,,,,,,,,,,,,,,,,,,,,,,,,,,,,,,,,,,,,,,,,,,,,,,,,,,,,,,,,,,,,,,,,,,,,,,,,,,,,,,,,,,,,,,,
./testimage/test_rice1.png ./testimage/single/test_rice1.png ./testimage/test_croquette2.png ./testimage/single/test_croquette2.png ./testimage/test_salmon3.png ./testimage/single/test_salmon3.png ./testimage/single/compose181.png,,,,,,,,,,,,,,,,,,,,,,,,,,,,,,,,,,,,,,,,,,,,,,,,,,,,,,,,,,,,,,,,,,,,,,,,,,,,,,,,,,,,,,,,,,,,,,,,,,,,,,,,,,,,,,,,,,,,,,,,,,,,,,,,,,,,
./testimage/test_rice2.png ./testimage/single/test_rice2.png ./testimage/test_croquette2.png ./testimage/single/test_croquette2.png ./testimage/test_salmon3.png ./testimage/single/test_salmon3.png ./testimage/single/compose182.png,,,,,,,,,,,,,,,,,,,,,,,,,,,,,,,,,,,,,,,,,,,,,,,,,,,,,,,,,,,,,,,,,,,,,,,,,,,,,,,,,,,,,,,,,,,,,,,,,,,,,,,,,,,,,,,,,,,,,,,,,,,,,,,,,,,,
./testimage/test_rice3.png ./testimage/single/test_rice3.png ./testimage/test_croquette2.png ./testimage/single/test_croquette2.png ./testimage/test_salmon3.png ./testimage/single/test_salmon3.png ./testimage/single/compose183.png,,,,,,,,,,,,,,,,,,,,,,,,,,,,,,,,,,,,,,,,,,,,,,,,,,,,,,,,,,,,,,,,,,,,,,,,,,,,,,,,,,,,,,,,,,,,,,,,,,,,,,,,,,,,,,,,,,,,,,,,,,,,,,,,,,,,
./testimage/test_rice4.png ./testimage/single/test_rice4.png ./testimage/test_croquette2.png ./testimage/single/test_croquette2.png ./testimage/test_salmon3.png ./testimage/single/test_salmon3.png ./testimage/single/compose184.png,,,,,,,,,,,,,,,,,,,,,,,,,,,,,,,,,,,,,,,,,,,,,,,,,,,,,,,,,,,,,,,,,,,,,,,,,,,,,,,,,,,,,,,,,,,,,,,,,,,,,,,,,,,,,,,,,,,,,,,,,,,,,,,,,,,,
./testimage/test_rice5.png ./testimage/single/test_rice5.png ./testimage/test_croquette2.png ./testimage/single/test_croquette2.png ./testimage/test_salmon3.png ./testimage/single/test_salmon3.png ./testimage/single/compose185.png,,,,,,,,,,,,,,,,,,,,,,,,,,,,,,,,,,,,,,,,,,,,,,,,,,,,,,,,,,,,,,,,,,,,,,,,,,,,,,,,,,,,,,,,,,,,,,,,,,,,,,,,,,,,,,,,,,,,,,,,,,,,,,,,,,,,
./testimage/test_rice1.png ./testimage/single/test_rice1.png ./testimage/test_croquette3.png ./testimage/single/test_croquette3.png ./testimage/test_salmon3.png ./testimage/single/test_salmon3.png ./testimage/single/compose186.png,,,,,,,,,,,,,,,,,,,,,,,,,,,,,,,,,,,,,,,,,,,,,,,,,,,,,,,,,,,,,,,,,,,,,,,,,,,,,,,,,,,,,,,,,,,,,,,,,,,,,,,,,,,,,,,,,,,,,,,,,,,,,,,,,,,,
./testimage/test_rice2.png ./testimage/single/test_rice2.png ./testimage/test_croquette3.png ./testimage/single/test_croquette3.png ./testimage/test_salmon3.png ./testimage/single/test_salmon3.png ./testimage/single/compose187.png,,,,,,,,,,,,,,,,,,,,,,,,,,,,,,,,,,,,,,,,,,,,,,,,,,,,,,,,,,,,,,,,,,,,,,,,,,,,,,,,,,,,,,,,,,,,,,,,,,,,,,,,,,,,,,,,,,,,,,,,,,,,,,,,,,,,
./testimage/test_rice3.png ./testimage/single/test_rice3.png ./testimage/test_croquette3.png ./testimage/single/test_croquette3.png ./testimage/test_salmon3.png ./testimage/single/test_salmon3.png ./testimage/single/compose188.png,,,,,,,,,,,,,,,,,,,,,,,,,,,,,,,,,,,,,,,,,,,,,,,,,,,,,,,,,,,,,,,,,,,,,,,,,,,,,,,,,,,,,,,,,,,,,,,,,,,,,,,,,,,,,,,,,,,,,,,,,,,,,,,,,,,,
./testimage/test_rice4.png ./testimage/single/test_rice4.png ./testimage/test_croquette3.png ./testimage/single/test_croquette3.png ./testimage/test_salmon3.png ./testimage/single/test_salmon3.png ./testimage/single/compose189.png,,,,,,,,,,,,,,,,,,,,,,,,,,,,,,,,,,,,,,,,,,,,,,,,,,,,,,,,,,,,,,,,,,,,,,,,,,,,,,,,,,,,,,,,,,,,,,,,,,,,,,,,,,,,,,,,,,,,,,,,,,,,,,,,,,,,
./testimage/test_rice5.png ./testimage/single/test_rice5.png ./testimage/test_croquette3.png ./testimage/single/test_croquette3.png ./testimage/test_salmon3.png ./testimage/single/test_salmon3.png ./testimage/single/compose190.png,,,,,,,,,,,,,,,,,,,,,,,,,,,,,,,,,,,,,,,,,,,,,,,,,,,,,,,,,,,,,,,,,,,,,,,,,,,,,,,,,,,,,,,,,,,,,,,,,,,,,,,,,,,,,,,,,,,,,,,,,,,,,,,,,,,,
./testimage/test_rice1.png ./testimage/single/test_rice1.png ./testimage/test_croquette4.png ./testimage/single/test_croquette4.png ./testimage/test_salmon3.png ./testimage/single/test_salmon3.png ./testimage/single/compose191.png,,,,,,,,,,,,,,,,,,,,,,,,,,,,,,,,,,,,,,,,,,,,,,,,,,,,,,,,,,,,,,,,,,,,,,,,,,,,,,,,,,,,,,,,,,,,,,,,,,,,,,,,,,,,,,,,,,,,,,,,,,,,,,,,,,,,
./testimage/test_rice2.png ./testimage/single/test_rice2.png ./testimage/test_croquette4.png ./testimage/single/test_croquette4.png ./testimage/test_salmon3.png ./testimage/single/test_salmon3.png ./testimage/single/compose192.png,,,,,,,,,,,,,,,,,,,,,,,,,,,,,,,,,,,,,,,,,,,,,,,,,,,,,,,,,,,,,,,,,,,,,,,,,,,,,,,,,,,,,,,,,,,,,,,,,,,,,,,,,,,,,,,,,,,,,,,,,,,,,,,,,,,,
./testimage/test_rice3.png ./testimage/single/test_rice3.png ./testimage/test_croquette4.png ./testimage/single/test_croquette4.png ./testimage/test_salmon3.png ./testimage/single/test_salmon3.png ./testimage/single/compose193.png,,,,,,,,,,,,,,,,,,,,,,,,,,,,,,,,,,,,,,,,,,,,,,,,,,,,,,,,,,,,,,,,,,,,,,,,,,,,,,,,,,,,,,,,,,,,,,,,,,,,,,,,,,,,,,,,,,,,,,,,,,,,,,,,,,,,
./testimage/test_rice4.png ./testimage/single/test_rice4.png ./testimage/test_croquette4.png ./testimage/single/test_croquette4.png ./testimage/test_salmon3.png ./testimage/single/test_salmon3.png ./testimage/single/compose194.png,,,,,,,,,,,,,,,,,,,,,,,,,,,,,,,,,,,,,,,,,,,,,,,,,,,,,,,,,,,,,,,,,,,,,,,,,,,,,,,,,,,,,,,,,,,,,,,,,,,,,,,,,,,,,,,,,,,,,,,,,,,,,,,,,,,,
./testimage/test_rice5.png ./testimage/single/test_rice5.png ./testimage/test_croquette4.png ./testimage/single/test_croquette4.png ./testimage/test_salmon3.png ./testimage/single/test_salmon3.png ./testimage/single/compose195.png,,,,,,,,,,,,,,,,,,,,,,,,,,,,,,,,,,,,,,,,,,,,,,,,,,,,,,,,,,,,,,,,,,,,,,,,,,,,,,,,,,,,,,,,,,,,,,,,,,,,,,,,,,,,,,,,,,,,,,,,,,,,,,,,,,,,
./testimage/test_rice1.png ./testimage/single/test_rice1.png ./testimage/test_croquette5.png ./testimage/single/test_croquette5.png ./testimage/test_salmon3.png ./testimage/single/test_salmon3.png ./testimage/single/compose196.png,,,,,,,,,,,,,,,,,,,,,,,,,,,,,,,,,,,,,,,,,,,,,,,,,,,,,,,,,,,,,,,,,,,,,,,,,,,,,,,,,,,,,,,,,,,,,,,,,,,,,,,,,,,,,,,,,,,,,,,,,,,,,,,,,,,,
./testimage/test_rice2.png ./testimage/single/test_rice2.png ./testimage/test_croquette5.png ./testimage/single/test_croquette5.png ./testimage/test_salmon3.png ./testimage/single/test_salmon3.png ./testimage/single/compose197.png,,,,,,,,,,,,,,,,,,,,,,,,,,,,,,,,,,,,,,,,,,,,,,,,,,,,,,,,,,,,,,,,,,,,,,,,,,,,,,,,,,,,,,,,,,,,,,,,,,,,,,,,,,,,,,,,,,,,,,,,,,,,,,,,,,,,
./testimage/test_rice3.png ./testimage/single/test_rice3.png ./testimage/test_croquette5.png ./testimage/single/test_croquette5.png ./testimage/test_salmon3.png ./testimage/single/test_salmon3.png ./testimage/single/compose198.png,,,,,,,,,,,,,,,,,,,,,,,,,,,,,,,,,,,,,,,,,,,,,,,,,,,,,,,,,,,,,,,,,,,,,,,,,,,,,,,,,,,,,,,,,,,,,,,,,,,,,,,,,,,,,,,,,,,,,,,,,,,,,,,,,,,,
./testimage/test_rice4.png ./testimage/single/test_rice4.png ./testimage/test_croquette5.png ./testimage/single/test_croquette5.png ./testimage/test_salmon3.png ./testimage/single/test_salmon3.png ./testimage/single/compose199.png,,,,,,,,,,,,,,,,,,,,,,,,,,,,,,,,,,,,,,,,,,,,,,,,,,,,,,,,,,,,,,,,,,,,,,,,,,,,,,,,,,,,,,,,,,,,,,,,,,,,,,,,,,,,,,,,,,,,,,,,,,,,,,,,,,,,
./testimage/test_rice5.png ./testimage/single/test_rice5.png ./testimage/test_croquette5.png ./testimage/single/test_croquette5.png ./testimage/test_salmon3.png ./testimage/single/test_salmon3.png ./testimage/single/compose200.png,,,,,,,,,,,,,,,,,,,,,,,,,,,,,,,,,,,,,,,,,,,,,,,,,,,,,,,,,,,,,,,,,,,,,,,,,,,,,,,,,,,,,,,,,,,,,,,,,,,,,,,,,,,,,,,,,,,,,,,,,,,,,,,,,,,,
./testimage/test_rice1.png ./testimage/single/test_rice1.png ./testimage/test_croquette1.png ./testimage/single/test_croquette1.png ./testimage/test_salmon4.png ./testimage/single/test_salmon4.png ./testimage/single/compose201.png,,,,,,,,,,,,,,,,,,,,,,,,,,,,,,,,,,,,,,,,,,,,,,,,,,,,,,,,,,,,,,,,,,,,,,,,,,,,,,,,,,,,,,,,,,,,,,,,,,,,,,,,,,,,,,,,,,,,,,,,,,,,,,,,,,,,
./testimage/test_rice2.png ./testimage/single/test_rice2.png ./testimage/test_croquette1.png ./testimage/single/test_croquette1.png ./testimage/test_salmon4.png ./testimage/single/test_salmon4.png ./testimage/single/compose202.png,,,,,,,,,,,,,,,,,,,,,,,,,,,,,,,,,,,,,,,,,,,,,,,,,,,,,,,,,,,,,,,,,,,,,,,,,,,,,,,,,,,,,,,,,,,,,,,,,,,,,,,,,,,,,,,,,,,,,,,,,,,,,,,,,,,,
./testimage/test_rice3.png ./testimage/single/test_rice3.png ./testimage/test_croquette1.png ./testimage/single/test_croquette1.png ./testimage/test_salmon4.png ./testimage/single/test_salmon4.png ./testimage/single/compose203.png,,,,,,,,,,,,,,,,,,,,,,,,,,,,,,,,,,,,,,,,,,,,,,,,,,,,,,,,,,,,,,,,,,,,,,,,,,,,,,,,,,,,,,,,,,,,,,,,,,,,,,,,,,,,,,,,,,,,,,,,,,,,,,,,,,,,
./testimage/test_rice4.png ./testimage/single/test_rice4.png ./testimage/test_croquette1.png ./testimage/single/test_croquette1.png ./testimage/test_salmon4.png ./testimage/single/test_salmon4.png ./testimage/single/compose204.png,,,,,,,,,,,,,,,,,,,,,,,,,,,,,,,,,,,,,,,,,,,,,,,,,,,,,,,,,,,,,,,,,,,,,,,,,,,,,,,,,,,,,,,,,,,,,,,,,,,,,,,,,,,,,,,,,,,,,,,,,,,,,,,,,,,,
./testimage/test_rice5.png ./testimage/single/test_rice5.png ./testimage/test_croquette1.png ./testimage/single/test_croquette1.png ./testimage/test_salmon4.png ./testimage/single/test_salmon4.png ./testimage/single/compose205.png,,,,,,,,,,,,,,,,,,,,,,,,,,,,,,,,,,,,,,,,,,,,,,,,,,,,,,,,,,,,,,,,,,,,,,,,,,,,,,,,,,,,,,,,,,,,,,,,,,,,,,,,,,,,,,,,,,,,,,,,,,,,,,,,,,,,
./testimage/test_rice1.png ./testimage/single/test_rice1.png ./testimage/test_croquette2.png ./testimage/single/test_croquette2.png ./testimage/test_salmon4.png ./testimage/single/test_salmon4.png ./testimage/single/compose206.png,,,,,,,,,,,,,,,,,,,,,,,,,,,,,,,,,,,,,,,,,,,,,,,,,,,,,,,,,,,,,,,,,,,,,,,,,,,,,,,,,,,,,,,,,,,,,,,,,,,,,,,,,,,,,,,,,,,,,,,,,,,,,,,,,,,,
./testimage/test_rice2.png ./testimage/single/test_rice2.png ./testimage/test_croquette2.png ./testimage/single/test_croquette2.png ./testimage/test_salmon4.png ./testimage/single/test_salmon4.png ./testimage/single/compose207.png,,,,,,,,,,,,,,,,,,,,,,,,,,,,,,,,,,,,,,,,,,,,,,,,,,,,,,,,,,,,,,,,,,,,,,,,,,,,,,,,,,,,,,,,,,,,,,,,,,,,,,,,,,,,,,,,,,,,,,,,,,,,,,,,,,,,
./testimage/test_rice3.png ./testimage/single/test_rice3.png ./testimage/test_croquette2.png ./testimage/single/test_croquette2.png ./testimage/test_salmon4.png ./testimage/single/test_salmon4.png ./testimage/single/compose208.png,,,,,,,,,,,,,,,,,,,,,,,,,,,,,,,,,,,,,,,,,,,,,,,,,,,,,,,,,,,,,,,,,,,,,,,,,,,,,,,,,,,,,,,,,,,,,,,,,,,,,,,,,,,,,,,,,,,,,,,,,,,,,,,,,,,,
./testimage/test_rice4.png ./testimage/single/test_rice4.png ./testimage/test_croquette2.png ./testimage/single/test_croquette2.png ./testimage/test_salmon4.png ./testimage/single/test_salmon4.png ./testimage/single/compose209.png,,,,,,,,,,,,,,,,,,,,,,,,,,,,,,,,,,,,,,,,,,,,,,,,,,,,,,,,,,,,,,,,,,,,,,,,,,,,,,,,,,,,,,,,,,,,,,,,,,,,,,,,,,,,,,,,,,,,,,,,,,,,,,,,,,,,
./testimage/test_rice5.png ./testimage/single/test_rice5.png ./testimage/test_croquette2.png ./testimage/single/test_croquette2.png ./testimage/test_salmon4.png ./testimage/single/test_salmon4.png ./testimage/single/compose210.png,,,,,,,,,,,,,,,,,,,,,,,,,,,,,,,,,,,,,,,,,,,,,,,,,,,,,,,,,,,,,,,,,,,,,,,,,,,,,,,,,,,,,,,,,,,,,,,,,,,,,,,,,,,,,,,,,,,,,,,,,,,,,,,,,,,,
./testimage/test_rice1.png ./testimage/single/test_rice1.png ./testimage/test_croquette3.png ./testimage/single/test_croquette3.png ./testimage/test_salmon4.png ./testimage/single/test_salmon4.png ./testimage/single/compose211.png,,,,,,,,,,,,,,,,,,,,,,,,,,,,,,,,,,,,,,,,,,,,,,,,,,,,,,,,,,,,,,,,,,,,,,,,,,,,,,,,,,,,,,,,,,,,,,,,,,,,,,,,,,,,,,,,,,,,,,,,,,,,,,,,,,,,
./testimage/test_rice2.png ./testimage/single/test_rice2.png ./testimage/test_croquette3.png ./testimage/single/test_croquette3.png ./testimage/test_salmon4.png ./testimage/single/test_salmon4.png ./testimage/single/compose212.png,,,,,,,,,,,,,,,,,,,,,,,,,,,,,,,,,,,,,,,,,,,,,,,,,,,,,,,,,,,,,,,,,,,,,,,,,,,,,,,,,,,,,,,,,,,,,,,,,,,,,,,,,,,,,,,,,,,,,,,,,,,,,,,,,,,,
./testimage/test_rice3.png ./testimage/single/test_rice3.png ./testimage/test_croquette3.png ./testimage/single/test_croquette3.png ./testimage/test_salmon4.png ./testimage/single/test_salmon4.png ./testimage/single/compose213.png,,,,,,,,,,,,,,,,,,,,,,,,,,,,,,,,,,,,,,,,,,,,,,,,,,,,,,,,,,,,,,,,,,,,,,,,,,,,,,,,,,,,,,,,,,,,,,,,,,,,,,,,,,,,,,,,,,,,,,,,,,,,,,,,,,,,
./testimage/test_rice4.png ./testimage/single/test_rice4.png ./testimage/test_croquette3.png ./testimage/single/test_croquette3.png ./testimage/test_salmon4.png ./testimage/single/test_salmon4.png ./testimage/single/compose214.png,,,,,,,,,,,,,,,,,,,,,,,,,,,,,,,,,,,,,,,,,,,,,,,,,,,,,,,,,,,,,,,,,,,,,,,,,,,,,,,,,,,,,,,,,,,,,,,,,,,,,,,,,,,,,,,,,,,,,,,,,,,,,,,,,,,,
./testimage/test_rice5.png ./testimage/single/test_rice5.png ./testimage/test_croquette3.png ./testimage/single/test_croquette3.png ./testimage/test_salmon4.png ./testimage/single/test_salmon4.png ./testimage/single/compose215.png,,,,,,,,,,,,,,,,,,,,,,,,,,,,,,,,,,,,,,,,,,,,,,,,,,,,,,,,,,,,,,,,,,,,,,,,,,,,,,,,,,,,,,,,,,,,,,,,,,,,,,,,,,,,,,,,,,,,,,,,,,,,,,,,,,,,
./testimage/test_rice1.png ./testimage/single/test_rice1.png ./testimage/test_croquette4.png ./testimage/single/test_croquette4.png ./testimage/test_salmon4.png ./testimage/single/test_salmon4.png ./testimage/single/compose216.png,,,,,,,,,,,,,,,,,,,,,,,,,,,,,,,,,,,,,,,,,,,,,,,,,,,,,,,,,,,,,,,,,,,,,,,,,,,,,,,,,,,,,,,,,,,,,,,,,,,,,,,,,,,,,,,,,,,,,,,,,,,,,,,,,,,,
./testimage/test_rice2.png ./testimage/single/test_rice2.png ./testimage/test_croquette4.png ./testimage/single/test_croquette4.png ./testimage/test_salmon4.png ./testimage/single/test_salmon4.png ./testimage/single/compose217.png,,,,,,,,,,,,,,,,,,,,,,,,,,,,,,,,,,,,,,,,,,,,,,,,,,,,,,,,,,,,,,,,,,,,,,,,,,,,,,,,,,,,,,,,,,,,,,,,,,,,,,,,,,,,,,,,,,,,,,,,,,,,,,,,,,,,
./testimage/test_rice3.png ./testimage/single/test_rice3.png ./testimage/test_croquette4.png ./testimage/single/test_croquette4.png ./testimage/test_salmon4.png ./testimage/single/test_salmon4.png ./testimage/single/compose218.png,,,,,,,,,,,,,,,,,,,,,,,,,,,,,,,,,,,,,,,,,,,,,,,,,,,,,,,,,,,,,,,,,,,,,,,,,,,,,,,,,,,,,,,,,,,,,,,,,,,,,,,,,,,,,,,,,,,,,,,,,,,,,,,,,,,,
./testimage/test_rice4.png ./testimage/single/test_rice4.png ./testimage/test_croquette4.png ./testimage/single/test_croquette4.png ./testimage/test_salmon4.png ./testimage/single/test_salmon4.png ./testimage/single/compose219.png,,,,,,,,,,,,,,,,,,,,,,,,,,,,,,,,,,,,,,,,,,,,,,,,,,,,,,,,,,,,,,,,,,,,,,,,,,,,,,,,,,,,,,,,,,,,,,,,,,,,,,,,,,,,,,,,,,,,,,,,,,,,,,,,,,,,
./testimage/test_rice5.png ./testimage/single/test_rice5.png ./testimage/test_croquette4.png ./testimage/single/test_croquette4.png ./testimage/test_salmon4.png ./testimage/single/test_salmon4.png ./testimage/single/compose220.png,,,,,,,,,,,,,,,,,,,,,,,,,,,,,,,,,,,,,,,,,,,,,,,,,,,,,,,,,,,,,,,,,,,,,,,,,,,,,,,,,,,,,,,,,,,,,,,,,,,,,,,,,,,,,,,,,,,,,,,,,,,,,,,,,,,,
./testimage/test_rice1.png ./testimage/single/test_rice1.png ./testimage/test_croquette5.png ./testimage/single/test_croquette5.png ./testimage/test_salmon4.png ./testimage/single/test_salmon4.png ./testimage/single/compose221.png,,,,,,,,,,,,,,,,,,,,,,,,,,,,,,,,,,,,,,,,,,,,,,,,,,,,,,,,,,,,,,,,,,,,,,,,,,,,,,,,,,,,,,,,,,,,,,,,,,,,,,,,,,,,,,,,,,,,,,,,,,,,,,,,,,,,
./testimage/test_rice2.png ./testimage/single/test_rice2.png ./testimage/test_croquette5.png ./testimage/single/test_croquette5.png ./testimage/test_salmon4.png ./testimage/single/test_salmon4.png ./testimage/single/compose222.png,,,,,,,,,,,,,,,,,,,,,,,,,,,,,,,,,,,,,,,,,,,,,,,,,,,,,,,,,,,,,,,,,,,,,,,,,,,,,,,,,,,,,,,,,,,,,,,,,,,,,,,,,,,,,,,,,,,,,,,,,,,,,,,,,,,,
./testimage/test_rice3.png ./testimage/single/test_rice3.png ./testimage/test_croquette5.png ./testimage/single/test_croquette5.png ./testimage/test_salmon4.png ./testimage/single/test_salmon4.png ./testimage/single/compose223.png,,,,,,,,,,,,,,,,,,,,,,,,,,,,,,,,,,,,,,,,,,,,,,,,,,,,,,,,,,,,,,,,,,,,,,,,,,,,,,,,,,,,,,,,,,,,,,,,,,,,,,,,,,,,,,,,,,,,,,,,,,,,,,,,,,,,
./testimage/test_rice4.png ./testimage/single/test_rice4.png ./testimage/test_croquette5.png ./testimage/single/test_croquette5.png ./testimage/test_salmon4.png ./testimage/single/test_salmon4.png ./testimage/single/compose224.png,,,,,,,,,,,,,,,,,,,,,,,,,,,,,,,,,,,,,,,,,,,,,,,,,,,,,,,,,,,,,,,,,,,,,,,,,,,,,,,,,,,,,,,,,,,,,,,,,,,,,,,,,,,,,,,,,,,,,,,,,,,,,,,,,,,,
./testimage/test_rice5.png ./testimage/single/test_rice5.png ./testimage/test_croquette5.png ./testimage/single/test_croquette5.png ./testimage/test_salmon4.png ./testimage/single/test_salmon4.png ./testimage/single/compose225.png,,,,,,,,,,,,,,,,,,,,,,,,,,,,,,,,,,,,,,,,,,,,,,,,,,,,,,,,,,,,,,,,,,,,,,,,,,,,,,,,,,,,,,,,,,,,,,,,,,,,,,,,,,,,,,,,,,,,,,,,,,,,,,,,,,,,
./testimage/test_rice1.png ./testimage/single/test_rice1.png ./testimage/test_croquette1.png ./testimage/single/test_croquette1.png ./testimage/test_salmon5.png ./testimage/single/test_salmon5.png ./testimage/single/compose226.png,,,,,,,,,,,,,,,,,,,,,,,,,,,,,,,,,,,,,,,,,,,,,,,,,,,,,,,,,,,,,,,,,,,,,,,,,,,,,,,,,,,,,,,,,,,,,,,,,,,,,,,,,,,,,,,,,,,,,,,,,,,,,,,,,,,,
./testimage/test_rice2.png ./testimage/single/test_rice2.png ./testimage/test_croquette1.png ./testimage/single/test_croquette1.png ./testimage/test_salmon5.png ./testimage/single/test_salmon5.png ./testimage/single/compose227.png,,,,,,,,,,,,,,,,,,,,,,,,,,,,,,,,,,,,,,,,,,,,,,,,,,,,,,,,,,,,,,,,,,,,,,,,,,,,,,,,,,,,,,,,,,,,,,,,,,,,,,,,,,,,,,,,,,,,,,,,,,,,,,,,,,,,
./testimage/test_rice3.png ./testimage/single/test_rice3.png ./testimage/test_croquette1.png ./testimage/single/test_croquette1.png ./testimage/test_salmon5.png ./testimage/single/test_salmon5.png ./testimage/single/compose228.png,,,,,,,,,,,,,,,,,,,,,,,,,,,,,,,,,,,,,,,,,,,,,,,,,,,,,,,,,,,,,,,,,,,,,,,,,,,,,,,,,,,,,,,,,,,,,,,,,,,,,,,,,,,,,,,,,,,,,,,,,,,,,,,,,,,,
./testimage/test_rice4.png ./testimage/single/test_rice4.png ./testimage/test_croquette1.png ./testimage/single/test_croquette1.png ./testimage/test_salmon5.png ./testimage/single/test_salmon5.png ./testimage/single/compose229.png,,,,,,,,,,,,,,,,,,,,,,,,,,,,,,,,,,,,,,,,,,,,,,,,,,,,,,,,,,,,,,,,,,,,,,,,,,,,,,,,,,,,,,,,,,,,,,,,,,,,,,,,,,,,,,,,,,,,,,,,,,,,,,,,,,,,
./testimage/test_rice5.png ./testimage/single/test_rice5.png ./testimage/test_croquette1.png ./testimage/single/test_croquette1.png ./testimage/test_salmon5.png ./testimage/single/test_salmon5.png ./testimage/single/compose230.png,,,,,,,,,,,,,,,,,,,,,,,,,,,,,,,,,,,,,,,,,,,,,,,,,,,,,,,,,,,,,,,,,,,,,,,,,,,,,,,,,,,,,,,,,,,,,,,,,,,,,,,,,,,,,,,,,,,,,,,,,,,,,,,,,,,,
./testimage/test_rice1.png ./testimage/single/test_rice1.png ./testimage/test_croquette2.png ./testimage/single/test_croquette2.png ./testimage/test_salmon5.png ./testimage/single/test_salmon5.png ./testimage/single/compose231.png,,,,,,,,,,,,,,,,,,,,,,,,,,,,,,,,,,,,,,,,,,,,,,,,,,,,,,,,,,,,,,,,,,,,,,,,,,,,,,,,,,,,,,,,,,,,,,,,,,,,,,,,,,,,,,,,,,,,,,,,,,,,,,,,,,,,
./testimage/test_rice2.png ./testimage/single/test_rice2.png ./testimage/test_croquette2.png ./testimage/single/test_croquette2.png ./testimage/test_salmon5.png ./testimage/single/test_salmon5.png ./testimage/single/compose232.png,,,,,,,,,,,,,,,,,,,,,,,,,,,,,,,,,,,,,,,,,,,,,,,,,,,,,,,,,,,,,,,,,,,,,,,,,,,,,,,,,,,,,,,,,,,,,,,,,,,,,,,,,,,,,,,,,,,,,,,,,,,,,,,,,,,,
./testimage/test_rice3.png ./testimage/single/test_rice3.png ./testimage/test_croquette2.png ./testimage/single/test_croquette2.png ./testimage/test_salmon5.png ./testimage/single/test_salmon5.png ./testimage/single/compose233.png,,,,,,,,,,,,,,,,,,,,,,,,,,,,,,,,,,,,,,,,,,,,,,,,,,,,,,,,,,,,,,,,,,,,,,,,,,,,,,,,,,,,,,,,,,,,,,,,,,,,,,,,,,,,,,,,,,,,,,,,,,,,,,,,,,,,
./testimage/test_rice4.png ./testimage/single/test_rice4.png ./testimage/test_croquette2.png ./testimage/single/test_croquette2.png ./testimage/test_salmon5.png ./testimage/single/test_salmon5.png ./testimage/single/compose234.png,,,,,,,,,,,,,,,,,,,,,,,,,,,,,,,,,,,,,,,,,,,,,,,,,,,,,,,,,,,,,,,,,,,,,,,,,,,,,,,,,,,,,,,,,,,,,,,,,,,,,,,,,,,,,,,,,,,,,,,,,,,,,,,,,,,,
./testimage/test_rice5.png ./testimage/single/test_rice5.png ./testimage/test_croquette2.png ./testimage/single/test_croquette2.png ./testimage/test_salmon5.png ./testimage/single/test_salmon5.png ./testimage/single/compose235.png,,,,,,,,,,,,,,,,,,,,,,,,,,,,,,,,,,,,,,,,,,,,,,,,,,,,,,,,,,,,,,,,,,,,,,,,,,,,,,,,,,,,,,,,,,,,,,,,,,,,,,,,,,,,,,,,,,,,,,,,,,,,,,,,,,,,
./testimage/test_rice1.png ./testimage/single/test_rice1.png ./testimage/test_croquette3.png ./testimage/single/test_croquette3.png ./testimage/test_salmon5.png ./testimage/single/test_salmon5.png ./testimage/single/compose236.png,,,,,,,,,,,,,,,,,,,,,,,,,,,,,,,,,,,,,,,,,,,,,,,,,,,,,,,,,,,,,,,,,,,,,,,,,,,,,,,,,,,,,,,,,,,,,,,,,,,,,,,,,,,,,,,,,,,,,,,,,,,,,,,,,,,,
./testimage/test_rice2.png ./testimage/single/test_rice2.png ./testimage/test_croquette3.png ./testimage/single/test_croquette3.png ./testimage/test_salmon5.png ./testimage/single/test_salmon5.png ./testimage/single/compose237.png,,,,,,,,,,,,,,,,,,,,,,,,,,,,,,,,,,,,,,,,,,,,,,,,,,,,,,,,,,,,,,,,,,,,,,,,,,,,,,,,,,,,,,,,,,,,,,,,,,,,,,,,,,,,,,,,,,,,,,,,,,,,,,,,,,,,
./testimage/test_rice3.png ./testimage/single/test_rice3.png ./testimage/test_croquette3.png ./testimage/single/test_croquette3.png ./testimage/test_salmon5.png ./testimage/single/test_salmon5.png ./testimage/single/compose238.png,,,,,,,,,,,,,,,,,,,,,,,,,,,,,,,,,,,,,,,,,,,,,,,,,,,,,,,,,,,,,,,,,,,,,,,,,,,,,,,,,,,,,,,,,,,,,,,,,,,,,,,,,,,,,,,,,,,,,,,,,,,,,,,,,,,,
./testimage/test_rice4.png ./testimage/single/test_rice4.png ./testimage/test_croquette3.png ./testimage/single/test_croquette3.png ./testimage/test_salmon5.png ./testimage/single/test_salmon5.png ./testimage/single/compose239.png,,,,,,,,,,,,,,,,,,,,,,,,,,,,,,,,,,,,,,,,,,,,,,,,,,,,,,,,,,,,,,,,,,,,,,,,,,,,,,,,,,,,,,,,,,,,,,,,,,,,,,,,,,,,,,,,,,,,,,,,,,,,,,,,,,,,
./testimage/test_rice5.png ./testimage/single/test_rice5.png ./testimage/test_croquette3.png ./testimage/single/test_croquette3.png ./testimage/test_salmon5.png ./testimage/single/test_salmon5.png ./testimage/single/compose240.png,,,,,,,,,,,,,,,,,,,,,,,,,,,,,,,,,,,,,,,,,,,,,,,,,,,,,,,,,,,,,,,,,,,,,,,,,,,,,,,,,,,,,,,,,,,,,,,,,,,,,,,,,,,,,,,,,,,,,,,,,,,,,,,,,,,,
./testimage/test_rice1.png ./testimage/single/test_rice1.png ./testimage/test_croquette4.png ./testimage/single/test_croquette4.png ./testimage/test_salmon5.png ./testimage/single/test_salmon5.png ./testimage/single/compose241.png,,,,,,,,,,,,,,,,,,,,,,,,,,,,,,,,,,,,,,,,,,,,,,,,,,,,,,,,,,,,,,,,,,,,,,,,,,,,,,,,,,,,,,,,,,,,,,,,,,,,,,,,,,,,,,,,,,,,,,,,,,,,,,,,,,,,
./testimage/test_rice2.png ./testimage/single/test_rice2.png ./testimage/test_croquette4.png ./testimage/single/test_croquette4.png ./testimage/test_salmon5.png ./testimage/single/test_salmon5.png ./testimage/single/compose242.png,,,,,,,,,,,,,,,,,,,,,,,,,,,,,,,,,,,,,,,,,,,,,,,,,,,,,,,,,,,,,,,,,,,,,,,,,,,,,,,,,,,,,,,,,,,,,,,,,,,,,,,,,,,,,,,,,,,,,,,,,,,,,,,,,,,,
./testimage/test_rice3.png ./testimage/single/test_rice3.png ./testimage/test_croquette4.png ./testimage/single/test_croquette4.png ./testimage/test_salmon5.png ./testimage/single/test_salmon5.png ./testimage/single/compose243.png,,,,,,,,,,,,,,,,,,,,,,,,,,,,,,,,,,,,,,,,,,,,,,,,,,,,,,,,,,,,,,,,,,,,,,,,,,,,,,,,,,,,,,,,,,,,,,,,,,,,,,,,,,,,,,,,,,,,,,,,,,,,,,,,,,,,
./testimage/test_rice4.png ./testimage/single/test_rice4.png ./testimage/test_croquette4.png ./testimage/single/test_croquette4.png ./testimage/test_salmon5.png ./testimage/single/test_salmon5.png ./testimage/single/compose244.png,,,,,,,,,,,,,,,,,,,,,,,,,,,,,,,,,,,,,,,,,,,,,,,,,,,,,,,,,,,,,,,,,,,,,,,,,,,,,,,,,,,,,,,,,,,,,,,,,,,,,,,,,,,,,,,,,,,,,,,,,,,,,,,,,,,,
./testimage/test_rice5.png ./testimage/single/test_rice5.png ./testimage/test_croquette4.png ./testimage/single/test_croquette4.png ./testimage/test_salmon5.png ./testimage/single/test_salmon5.png ./testimage/single/compose245.png,,,,,,,,,,,,,,,,,,,,,,,,,,,,,,,,,,,,,,,,,,,,,,,,,,,,,,,,,,,,,,,,,,,,,,,,,,,,,,,,,,,,,,,,,,,,,,,,,,,,,,,,,,,,,,,,,,,,,,,,,,,,,,,,,,,,
./testimage/test_rice1.png ./testimage/single/test_rice1.png ./testimage/test_croquette5.png ./testimage/single/test_croquette5.png ./testimage/test_salmon5.png ./testimage/single/test_salmon5.png ./testimage/single/compose246.png,,,,,,,,,,,,,,,,,,,,,,,,,,,,,,,,,,,,,,,,,,,,,,,,,,,,,,,,,,,,,,,,,,,,,,,,,,,,,,,,,,,,,,,,,,,,,,,,,,,,,,,,,,,,,,,,,,,,,,,,,,,,,,,,,,,,
./testimage/test_rice2.png ./testimage/single/test_rice2.png ./testimage/test_croquette5.png ./testimage/single/test_croquette5.png ./testimage/test_salmon5.png ./testimage/single/test_salmon5.png ./testimage/single/compose247.png,,,,,,,,,,,,,,,,,,,,,,,,,,,,,,,,,,,,,,,,,,,,,,,,,,,,,,,,,,,,,,,,,,,,,,,,,,,,,,,,,,,,,,,,,,,,,,,,,,,,,,,,,,,,,,,,,,,,,,,,,,,,,,,,,,,,
./testimage/test_rice3.png ./testimage/single/test_rice3.png ./testimage/test_croquette5.png ./testimage/single/test_croquette5.png ./testimage/test_salmon5.png ./testimage/single/test_salmon5.png ./testimage/single/compose248.png,,,,,,,,,,,,,,,,,,,,,,,,,,,,,,,,,,,,,,,,,,,,,,,,,,,,,,,,,,,,,,,,,,,,,,,,,,,,,,,,,,,,,,,,,,,,,,,,,,,,,,,,,,,,,,,,,,,,,,,,,,,,,,,,,,,,
./testimage/test_rice4.png ./testimage/single/test_rice4.png ./testimage/test_croquette5.png ./testimage/single/test_croquette5.png ./testimage/test_salmon5.png ./testimage/single/test_salmon5.png ./testimage/single/compose249.png,,,,,,,,,,,,,,,,,,,,,,,,,,,,,,,,,,,,,,,,,,,,,,,,,,,,,,,,,,,,,,,,,,,,,,,,,,,,,,,,,,,,,,,,,,,,,,,,,,,,,,,,,,,,,,,,,,,,,,,,,,,,,,,,,,,,
./testimage/test_rice5.png ./testimage/single/test_rice5.png ./testimage/test_croquette5.png ./testimage/single/test_croquette5.png ./testimage/test_salmon5.png ./testimage/single/test_salmon5.png ./testimage/single/compose250.png,,,,,,,,,,,,,,,,,,,,,,,,,,,,,,,,,,,,,,,,,,,,,,,,,,,,,,,,,,,,,,,,,,,,,,,,,,,,,,,,,,,,,,,,,,,,,,,,,,,,,,,,,,,,,,,,,,,,,,,,,,,,,,,,,,,,
